machine_id,duration,prediction
816434060,12308574,12308574.00000001
70279238,12406088,12406088.000000007
88521065,19314362,19314362.0
431494252,25133107,25133106.999999996
362555690,10870942,10870942.000000007
24891799,16735490,16735489.999999996
193913012,25752548,25752548.0
419420358,23066948,23066947.999999985
256858179,3896329,3896329.0000000154
697787699,14318134,14318134.000000004
181700166,12575560,12575560.0
377500656,17934243,17934243.0
238917832,11921386,11921386.000000006
57434149,7425680,7425680.000000007
784557972,10373903,10373903.000000011
29300957,20854479,20854479.000000004
64673249,4479754,4479754.000000014
207450573,20985920,20985919.999999985
492306076,6628112,6628112.000000013
207608855,7558883,7558883.00000002
543842903,14114152,14114152.00000001
405019304,14347969,14347969.000000015
584530645,17241545,17241545.0
409805307,8298666,8298666.000000011
546890409,17747470,17747469.999999996
318615371,17756565,17756565.000000007
156024306,19345964,19345963.999999996
565463890,12397834,12397834.00000001
782822245,7017272,7017271.999999997
757590920,16349714,16349714.000000002
791674858,27548513,27548513.000000004
20589191,15484027,15484026.999999989
777980811,15513051,15513050.999999989
815520261,17524420,17524420.0
125947527,25791779,25791778.999999985
805135671,20366308,20366307.99999998
723264250,15241294,15241294.000000007
231325909,27303719,27303718.999999993
834146348,14274446,14274445.999999996
219023186,15158137,15158137.000000002
812962704,18579399,18579398.999999993
91543479,16108411,16108410.999999987
271023184,12750736,12750736.000000002
214298633,19177259,19177258.999999985
125294391,15761336,15761336.000000013
122227750,22625204,22625203.999999996
367204973,7268728,7268728.000000024
215192489,15785384,15785383.999999989
225921895,9266018,9266018.000000006
381241465,20372532,20372532.000000004
628963924,22396151,22396150.999999978
397369217,28498126,28498126.000000004
430771549,19150926,19150925.99999999
20578193,21498947,21498946.999999993
706187854,5523495,5523495.000000006
634632630,14059647,14059646.999999985
553195825,14491733,14491733.00000001
683471010,11519580,11519580.000000004
415459167,19199285,19199284.99999998
71334617,14920543,14920542.999999998
534901382,1903421,1903421.0000000035
818468456,14108425,14108425.000000007
506982830,17174640,17174640.000000007
118029955,29347882,29347881.999999985
637466154,16215740,16215740.000000015
567357623,12352965,12352964.999999996
352624832,9365739,9365738.999999998
552960196,20494499,20494498.999999993
207883595,25980885,25980884.999999978
829621995,10399956,10399955.99999999
645645715,18167562,18167562.000000004
200063377,6853214,6853214.000000009
729883696,7620240,7620240.000000008
300542726,25563849,25563848.999999978
648807387,7999391,7999391.0
267232530,14650930,14650930.00000001
386747692,12206649,12206648.999999985
275224273,26943240,26943240.000000004
566433505,13167423,13167422.999999994
485049163,16424854,16424854.000000002
373010246,11873892,11873892.00000001
115636366,16472265,16472265.000000002
830074535,19656618,19656618.000000007
512966633,16601626,16601625.999999998
474214668,7521321,7521321.000000005
399875609,11915491,11915491.000000004
126295687,29207564,29207564.000000004
666393591,10040356,10040356.00000001
356560826,4226744,4226744.000000011
195990756,22897958,22897958.0
731687300,20381592,20381592.000000004
50330591,13439915,13439915.000000006
293403382,1482064,1482064.0000000228
214785572,6115430,6115429.999999999
272378475,5156479,5156478.999999995
324705723,15245574,15245574.0
408513267,20108489,20108488.99999999
119289430,15773409,15773408.999999993
512290782,25968665,25968664.999999996
395942738,15596696,15596695.999999993
31583361,21585405,21585405.000000007
178097676,22975482,22975481.99999999
371515942,27149953,27149953.000000004
54639379,6709381,6709381.0
230816834,14986348,14986348.000000006
376336230,27763958,27763957.999999996
827260897,15611750,15611750.000000004
389738003,19436480,19436479.999999996
131438732,8260239,8260239.000000003
272784097,25029050,25029049.999999985
344298478,17491414,17491414.0
831608073,14113218,14113218.00000002
499458580,16862158,16862157.999999985
330301860,6555595,6555595.000000004
568647944,9325909,9325909.000000011
363216710,25693629,25693629.0
483924553,24773556,24773555.99999999
551317584,8832962,8832961.999999993
734734574,62042,62042.000000007036
508544144,16281906,16281905.999999994
62072988,12844325,12844324.999999998
196333453,28766755,28766754.99999999
806523451,18432162,18432161.999999993
207442256,19515063,19515062.999999993
195340443,14106472,14106471.99999999
255263710,14129615,14129615.0
739182726,8034679,8034679.000000004
530655345,20747573,20747573.0
290935804,22635458,22635458.0
589131413,10210643,10210642.999999996
173451520,20977198,20977198.0
397691144,16664027,16664027.000000011
670606751,5438660,5438660.000000005
757065919,17107678,17107677.999999993
493038128,6736617,6736616.9999999935
307859736,15151819,15151818.999999998
490672347,2773012,2773012.00000001
41943478,13973452,13973451.999999993
114629349,15641008,15641008.000000006
322506953,15735809,15735809.000000002
423512803,20773670,20773669.999999993
773174473,14931032,14931031.999999996
182956430,21059584,21059583.999999985
401592902,15300361,15300361.000000006
60847661,20229890,20229889.999999978
559861777,14832053,14832053.000000006
668783043,19426878,19426877.99999998
764636980,12950077,12950077.000000006
607787268,12118215,12118215.000000004
635858258,13682642,13682642.000000002
720400068,15156012,15156011.999999987
235355232,21645611,21645610.999999996
564102949,13429151,13429150.999999987
414220572,14137566,14137565.999999998
473154977,8783034,8783034.000000006
237866028,4415128,4415128.000000003
216623990,2883682,2883682.000000002
299919820,22359873,22359873.000000004
523399503,3649246,3649245.999999997
776271103,4401222,4401222.000000007
802522789,14890815,14890814.999999996
434902922,7068653,7068652.999999987
260580033,22301662,22301661.99999998
216856226,10559450,10559450.0
123779913,20926128,20926127.999999993
779791180,9833252,9833251.999999998
170486920,11662569,11662569.000000006
266607910,16094683,16094682.999999994
330680720,12294113,12294113.000000007
794945471,23958293,23958292.99999999
223350823,15738978,15738977.999999998
660545833,10775009,10775009.000000007
238523091,20344273,20344272.999999996
584511971,26008946,26008946.0
643438582,18341371,18341370.999999993
125159293,11420669,11420669.000000002
719796449,20085318,20085317.999999993
119121656,1630576,1630575.9999999977
111902879,18726668,18726668.0
635568550,6150349,6150349.000000002
122112192,22359274,22359273.999999985
168700185,5206475,5206475.0000000065
717397915,7058244,7058243.999999992
102430490,5621391,5621391.000000006
170023548,21832634,21832633.99999998
147651579,17979644,17979644.0
434957880,25862041,25862041.0
485550559,24368262,24368262.0
672476889,10935816,10935815.999999996
624316198,16527811,16527811.000000002
601603043,14733058,14733057.999999983
750822083,3929252,3929252.0000000102
528965794,11163141,11163141.00000001
500991152,16591726,16591726.00000001
432456512,11024611,11024611.000000017
381943211,9300564,9300563.999999994
656835593,11805790,11805789.999999993
727421964,5880471,5880471.000000006
567278274,6686117,6686117.000000024
224627191,5344256,5344256.000000013
18057417,9313657,9313657.000000019
592589693,21216339,21216338.999999996
651566686,10230768,10230767.999999998
640144062,23513992,23513991.99999997
636680387,14504342,14504341.999999998
184994632,14843522,14843522.000000013
334817759,15394339,15394338.999999996
369275339,22949201,22949200.99999999
738808199,17827463,17827462.999999996
174089195,8181411,8181411.000000013
17449037,12469450,12469449.999999989
405547230,8576420,8576420.000000006
335780911,2423839,2423839.000000003
790576897,20601335,20601334.99999999
599044242,16831181,16831180.999999996
188471893,17964652,17964652.000000007
87023276,8046363,8046362.999999997
390412121,14535346,14535346.000000006
474329891,23874728,23874727.999999993
489963379,3806808,3806808.0000000056
641552241,17271481,17271480.99999998
423318286,6598611,6598611.000000003
734246721,11494316,11494315.999999993
612938730,11652048,11652048.000000002
851478690,6722899,6722899.000000006
426040237,14270555,14270555.000000002
507489261,16039807,16039806.999999998
164119874,17730696,17730695.999999993
765783004,5468191,5468191.000000019
14627002,11076673,11076672.999999987
482713279,11830423,11830422.999999993
291806790,22011054,22011053.999999996
173433218,14904574,14904574.000000011
710085482,24193509,24193509.000000007
513473082,12139606,12139605.999999996
358842729,20884013,20884013.0
725168412,11401102,11401101.999999994
614361096,20888715,20888714.999999993
215093900,25306135,25306134.999999978
565573570,2626899,2626899.0000000014
392972336,21148921,21148920.999999996
850834735,10105134,10105134.000000013
498906913,16389740,16389740.000000007
568682151,21902592,21902592.0
147655219,10863716,10863716.00000001
812498676,7472945,7472944.999999996
635445499,12931607,12931606.999999998
853223525,16499114,16499114.000000007
829299536,19532354,19532353.999999985
99064364,10271446,10271445.999999996
242284946,10845480,10845479.999999996
643682365,15637049,15637049.000000007
783638645,13809038,13809038.000000002
817494526,25361791,25361791.0
681337755,7779247,7779246.999999989
13537116,15009457,15009457.000000007
321562240,16563712,16563712.000000017
312885118,19844690,19844690.000000004
469901439,16079993,16079993.0
169221080,19198623,19198623.000000007
603043288,7442204,7442204.000000003
342417923,18692627,18692626.99999998
652589868,11997845,11997845.000000013
732748655,8690861,8690861.0
504174139,3714832,3714832.0000000116
227608908,19949472,19949471.999999993
711643073,7685648,7685648.000000003
49413683,15257074,15257073.999999993
428041561,24583412,24583411.99999999
722552313,10990085,10990085.000000017
802850334,12856530,12856530.00000001
414001474,15576956,15576956.000000002
201784665,12432664,12432664.0
71428136,19854628,19854627.99999999
548531434,25167071,25167070.99999999
546924997,24092851,24092851.000000004
87873288,19708187,19708187.0
552942719,20350302,20350301.99999999
204676310,24151222,24151222.0
549070406,9913573,9913572.999999998
802755824,2166672,2166671.999999994
273924432,25155624,25155623.999999978
715659573,7459055,7459055.000000014
837799028,12612813,12612813.0
624879370,16708121,16708120.999999994
362695311,14208857,14208857.000000006
104624146,2847382,2847382.0000000116
259064635,7199238,7199238.000000008
40556282,12155782,12155782.000000022
843284159,25836777,25836777.000000007
447390379,11049851,11049850.999999994
609747879,17506974,17506973.99999998
631755787,20741001,20741000.99999998
310031061,22898502,22898502.000000007
812044370,19091803,19091803.0
370406218,8059738,8059737.999999993
226054451,12512117,12512117.000000006
693619481,14871615,14871614.99999999
217522138,8434457,8434457.000000015
531301442,14828058,14828058.0
835624521,12020268,12020267.999999994
378031084,16178811,16178810.999999996
602334510,10176932,10176932.000000004
539956533,21050613,21050612.999999985
183423451,17650739,17650738.999999985
534007343,8932223,8932222.999999985
178755354,17046765,17046764.999999996
327437968,26828488,26828487.99999999
714052760,25151959,25151958.999999993
385675753,7785716,7785715.999999996
106397653,14684679,14684679.000000002
222144031,22299033,22299032.999999996
532473093,8669795,8669795.000000007
677651086,11024595,11024594.999999994
117895967,10291854,10291854.000000011
435964780,22767202,22767201.99999999
311157480,17892161,17892160.999999978
824074266,9391047,9391046.999999989
292020574,24172718,24172718.000000007
726010536,15593573,15593573.000000007
266398661,27834682,27834681.999999985
14702453,921062,921062.0000000176
687631711,13356634,13356634.000000022
178489274,7190628,7190628.000000004
240113321,19688974,19688973.99999999
669954331,14673287,14673287.000000015
229085096,8801683,8801683.00000001
538172258,10448380,10448380.000000015
760577586,16749636,16749636.0
450814497,21013225,21013224.999999993
742959952,18204254,18204253.999999996
402381554,16782088,16782087.999999993
248914185,10017782,10017782.000000007
153116962,13728703,13728702.999999989
835067329,23680053,23680052.99999998
544664606,14772240,14772240.000000007
338963204,16837788,16837787.999999985
219731222,10058827,10058827.00000001
797922099,28053160,28053160.000000004
155914011,12027430,12027429.999999996
222365840,19887870,19887870.0
103038380,15480177,15480176.999999996
265167217,5921080,5921080.000000004
495184810,25690240,25690239.999999993
729122329,4107107,4107107.000000012
526776882,13611110,13611110.00000001
716177272,20514791,20514791.000000004
504101004,13337174,13337174.000000004
102588221,17706578,17706577.99999999
803824656,9502704,9502703.999999998
561525398,10633818,10633818.000000004
145307297,17595329,17595328.999999978
182153317,792708,792708.0000000071
284104475,23038337,23038336.999999993
662539581,13200450,13200449.999999993
654176096,11622974,11622974.000000002
694813949,6655146,6655145.999999999
625299094,20749060,20749059.99999999
584139588,23018056,23018055.999999985
302945661,12027989,12027989.00000001
264640372,26777305,26777304.99999999
479055510,14355871,14355870.999999993
693063798,21617326,21617325.999999996
28597347,18109050,18109050.000000015
852344492,22399128,22399127.999999996
770394601,14654239,14654239.000000004
836986435,20798191,20798190.999999993
262767344,10788785,10788785.00000001
789775457,7181446,7181446.000000016
187285799,16782011,16782010.999999996
500332687,21610691,21610690.999999996
507033405,25342144,25342143.999999996
210603982,10644262,10644262.000000011
278867430,2920516,2920516.0000000177
170181832,16713409,16713409.00000002
294711774,19551046,19551045.99999998
598803414,14747160,14747159.999999998
586319628,12294331,12294330.999999987
16591067,7135270,7135270.000000013
651929084,11047507,11047506.999999998
156006307,22094633,22094633.0
637206225,11305589,11305589.000000007
399080862,4514286,4514285.999999989
779502762,9731266,9731266.000000015
210049380,1244432,1244432.0000000077
792976894,7222700,7222699.999999997
312853353,11516911,11516911.0
605205809,16308078,16308078.000000007
19346700,6696628,6696628.000000007
561483904,21989934,21989934.0
656171106,6086584,6086584.000000013
48738456,8643925,8643925.000000007
168034736,18471515,18471514.999999993
596796745,14384212,14384212.000000022
432481329,9441319,9441319.000000002
51885302,12935404,12935404.000000015
761097058,12689033,12689033.000000015
467729116,13196705,13196705.000000013
789529226,17069871,17069870.999999993
660050876,10138416,10138416.000000004
124178491,7286225,7286225.000000002
27525992,17794320,17794319.99999999
241866461,15102470,15102469.999999989
720593571,12514838,12514837.999999998
21408939,18472270,18472269.99999998
205630267,15092986,15092986.000000011
117658544,13089390,13089390.000000006
245053024,17382048,17382048.0
329586725,9157828,9157828.000000002
168404101,18332204,18332203.999999993
464627919,4950592,4950592.000000016
435343048,10906907,10906907.000000004
691537448,24388053,24388052.999999985
433516518,20783927,20783926.99999999
479385570,9733184,9733184.000000019
410917835,26569428,26569428.0
491246708,21980229,21980228.99999998
680856324,20717464,20717464.0
718486482,12081397,12081396.999999998
848149936,10796967,10796967.000000004
377785591,15921048,15921048.000000004
303405987,22119086,22119085.999999985
214951939,7250771,7250771.00000001
303479549,23827348,23827347.99999998
109252494,24517234,24517233.999999978
566089948,7500778,7500778.00000001
269547254,22783210,22783209.999999996
72174882,7203620,7203620.000000013
248257747,21925673,21925672.999999993
308452756,16381786,16381785.99999999
240288750,14881543,14881543.000000019
484828191,2585262,2585261.9999999995
55774198,12722126,12722126.000000006
483232828,17014635,17014634.999999985
184934263,13212143,13212142.999999996
598972804,14495101,14495101.000000006
663643003,16354923,16354923.000000013
316639228,6075368,6075368.000000009
770316627,19618623,19618622.99999999
716483810,12403543,12403543.000000006
728808374,6736858,6736858.0
854320217,9182799,9182799.000000002
761432811,22090160,22090159.999999978
136612524,21936955,21936954.999999996
84954928,15334069,15334069.000000011
704140932,25346311,25346311.0
448592408,18875976,18875975.999999985
413198850,7439581,7439581.00000002
303623591,17047865,17047864.999999993
774350340,22352624,22352623.99999999
562119886,13141197,13141197.000000004
740223244,18729943,18729943.00000001
33832831,11848872,11848871.999999983
748925872,8348066,8348066.000000008
278621792,10526873,10526872.999999998
15662485,17422844,17422844.000000007
732608247,10259358,10259358.000000019
454181430,17128342,17128342.000000004
486623209,23787117,23787116.999999985
732871524,20056885,20056884.999999996
403479534,19514032,19514031.999999993
102679585,17336260,17336259.999999978
490428721,15065726,15065725.999999987
759208396,6363228,6363228.000000006
828585890,14506391,14506391.000000017
61160568,13987626,13987626.000000022
431939384,8377064,8377063.99999999
351428588,21299573,21299573.0
315437528,15789212,15789212.000000002
140467808,15061794,15061793.999999996
389753053,30201582,30201581.999999985
89860793,18235631,18235630.999999993
820650012,16053474,16053473.99999999
92695690,13441193,13441192.999999987
70898558,20178500,20178499.99999999
272413677,12232011,12232010.999999994
317375634,9977243,9977242.999999996
629492902,25897100,25897100.0
519767835,24716588,24716587.999999993
689153913,17083841,17083840.999999993
595775241,19083890,19083890.000000004
807575753,22867225,22867225.000000004
217450209,17128307,17128306.999999996
298472172,18501391,18501390.999999996
721708441,29972458,29972457.99999999
232772867,15993038,15993037.999999994
702282309,10235149,10235148.999999996
286419188,15023495,15023494.999999996
134567551,18479704,18479704.0
668708801,25385290,25385289.99999999
258870401,22786956,22786955.999999985
407552584,8134500,8134500.000000007
185065807,8920824,8920823.999999998
615368304,7281156,7281156.000000006
848809959,19077548,19077547.999999996
539531047,5196308,5196307.999999997
630442112,22732119,22732118.999999993
591084020,20650709,20650708.999999996
828530655,15146176,15146176.000000007
784261712,15298480,15298480.000000013
318420246,19307074,19307074.000000004
533260673,23502142,23502141.999999993
767898095,18783840,18783839.999999993
543757428,8313215,8313214.999999999
675245633,19587440,19587439.999999993
124263980,27651089,27651088.99999999
262317842,19119140,19119139.999999985
249945050,11826646,11826646.000000011
292102705,8072585,8072585.000000015
377596433,21669714,21669713.99999999
135795844,3347968,3347968.0000000065
596560009,11407226,11407225.999999993
635257837,15615115,15615115.00000002
326050829,16827504,16827504.0
365576692,14251083,14251083.0
583387841,18284847,18284846.99999999
640703400,12298924,12298923.999999981
291503831,12713036,12713035.999999996
701192521,26035165,26035164.99999998
295563404,6208976,6208976.000000005
456891885,27522149,27522148.99999999
396917526,18374918,18374917.999999985
817257705,13147861,13147861.000000006
482688898,20779278,20779278.00000001
595907522,9492465,9492465.000000002
361659842,18513840,18513840.0
625384307,19088368,19088368.0
667239668,7085921,7085921.000000004
91486017,4203696,4203696.000000001
543561036,11984288,11984288.000000006
584449443,27356280,27356279.999999985
671440971,14657277,14657277.000000007
408709129,14776409,14776408.999999998
853022610,14946507,14946506.999999996
300875424,27567424,27567423.999999978
448964381,14232248,14232247.999999998
842285469,1737220,1737220.000000024
564022265,13680047,13680047.000000004
541868031,2312310,2312310.000000016
756072167,6152114,6152114.000000006
453290040,9284617,9284617.000000011
742920597,9806306,9806306.000000007
299815357,25224499,25224499.0
318001577,18207259,18207258.999999985
709889753,6150535,6150535.000000024
116699336,13426524,13426524.000000013
706507312,4488356,4488355.9999999935
670170369,28107674,28107674.0
648713593,10144256,10144256.000000013
496004359,24338109,24338108.99999999
773882072,1442740,1442740.0000000158
434501651,9727112,9727112.000000013
562554100,12687446,12687446.000000004
327420344,17492982,17492981.999999993
315966339,21293181,21293180.999999996
277815678,16366679,16366679.000000007
462531975,15685804,15685803.999999993
122294337,12291217,12291217.000000006
449841879,9454525,9454525.000000006
72292684,6482892,6482892.000000015
234526147,11983422,11983421.999999993
506419516,1632009,1632009.000000015
448256093,19163546,19163546.0
794677463,15254340,15254340.000000006
561269200,12562047,12562047.000000006
135321821,18177719,18177718.99999998
345363241,8920015,8920014.999999993
525817688,4636446,4636446.000000001
294240577,19419498,19419497.999999996
197366245,17550206,17550206.000000007
578352475,7082508,7082507.999999997
363511713,16904829,16904828.99999998
834023604,23338547,23338547.0
705348368,22449978,22449977.99999998
662459010,21215483,21215482.999999985
646746519,21405123,21405122.999999996
837705204,8672899,8672899.000000019
11582997,19560541,19560540.999999996
164746037,15830310,15830309.999999998
252566100,22144845,22144844.999999993
428979858,10426922,10426922.00000001
471108050,27335980,27335979.999999993
454886289,17757582,17757581.999999996
344585301,9539911,9539911.000000024
179471823,18821773,18821773.000000004
623982825,9459946,9459945.99999999
577809358,2884594,2884594.0000000023
763179288,12077478,12077478.000000011
745463770,16682417,16682417.0
23006061,3731443,3731443.000000013
531097028,10259071,10259071.000000015
49914261,22573391,22573391.0
401769178,25685773,25685772.999999993
431369773,4395639,4395639.0000000205
275769605,5353022,5353022.000000001
208788998,10671397,10671397.000000015
761460235,9404841,9404841.000000006
729948980,8794172,8794172.000000004
234168799,18100874,18100874.000000004
746653461,20551470,20551470.000000007
689715084,17105123,17105123.0
733864676,15120870,15120869.99999999
321566771,12214289,12214288.999999994
835370747,10584027,10584027.00000001
129950809,10042985,10042985.000000007
233247425,14514033,14514033.000000006
411135038,10191480,10191479.999999998
557937679,28324612,28324611.99999999
249829802,10763834,10763834.000000007
55094038,9141806,9141806.000000002
567918450,18426845,18426844.999999985
514774115,11723477,11723477.000000015
230736021,16370926,16370926.000000007
848308972,10203673,10203673.000000013
280459645,10254221,10254221.00000001
591905314,20702846,20702846.0
704094258,20987596,20987595.99999999
482463901,24898699,24898698.999999996
127099972,20465097,20465097.0
804430806,10125307,10125307.000000015
585314897,3041789,3041789.0000000084
314907358,25035409,25035409.0
74381167,22032961,22032960.999999985
320897008,5331918,5331918.000000025
548349859,28875303,28875303.0
647203522,528260,528260.0000000148
609111011,7286702,7286702.0000000065
618345421,13438405,13438405.000000017
710021690,19257206,19257205.999999993
529184028,18514313,18514313.0
640988692,16814635,16814634.999999993
489847134,20802375,20802375.000000007
697766842,13838691,13838691.000000004
431811172,19665885,19665884.99999999
275653607,27798842,27798842.0
305653364,8598610,8598610.000000007
168040933,14616667,14616667.0
376049057,15891586,15891586.000000007
418127309,20869657,20869657.00000001
592659234,16732016,16732015.999999998
484144399,13991721,13991721.00000001
577381160,12627447,12627447.000000007
471054022,4937006,4937006.000000017
471474629,24536107,24536106.999999996
584046839,19864877,19864877.0
115618794,4130044,4130044.0000000135
498434933,18112781,18112781.000000004
569054358,11072002,11072002.00000001
814751418,5890988,5890988.00000001
469657291,8091652,8091652.000000015
629148715,27105483,27105482.99999999
568314530,20499896,20499895.999999996
752910993,9891881,9891881.000000002
726158978,9029409,9029408.999999987
119037666,19072316,19072316.0
829907630,25738588,25738587.99999999
446450584,5098513,5098513.000000005
26977847,14647916,14647916.0
126627292,21179327,21179326.999999996
225897504,17949689,17949688.999999993
240903807,15153347,15153346.999999998
780126355,11333270,11333269.999999996
60356261,21531301,21531301.000000004
105391441,13024102,13024102.000000015
52903977,19596235,19596235.0
587250702,16815632,16815632.000000007
855108529,19720979,19720978.999999996
224543031,1730803,1730803.000000013
41665720,7346131,7346131.000000001
364113181,11538621,11538621.000000019
738379498,15322072,15322072.000000007
494459173,10867583,10867583.000000015
322179498,9747233,9747233.000000002
427812684,15161033,15161033.0
429590828,6476397,6476396.999999996
763581492,6204230,6204230.000000012
644802651,21375219,21375218.999999993
566676229,16697031,16697031.000000006
745183618,17592814,17592813.999999996
305729372,10065844,10065844.000000002
350228943,12136098,12136098.000000002
47854825,17384819,17384818.99999998
166374445,28170183,28170182.99999999
587641738,4374035,4374035.0000000065
367779403,15882223,15882223.000000011
767123158,11447512,11447512.000000024
352474091,12182708,12182708.000000002
422591119,16624629,16624629.000000015
420661838,16020811,16020810.999999998
774420659,20121641,20121640.999999996
527289279,12179878,12179878.000000007
595096133,26012166,26012165.99999999
63446215,18438959,18438958.99999999
351839518,20469287,20469286.999999993
651837958,16454646,16454646.000000006
278728131,3602888,3602888.00000001
305346176,20941014,20941014.00000001
702067356,12357732,12357732.000000011
751834297,19991143,19991143.000000004
150911810,14784906,14784905.999999998
281372740,30295428,30295427.99999999
49201946,10271872,10271871.999999994
370696990,24045353,24045353.000000004
369360230,17240167,17240167.00000001
361230327,17930240,17930239.999999993
567521172,6360003,6360003.000000005
294708445,12691822,12691821.999999994
817519502,13916213,13916213.0
395486764,6038082,6038081.999999992
309217246,22713473,22713472.999999993
789888734,27799819,27799818.999999985
342061856,19900392,19900391.99999999
802983488,11416565,11416564.999999998
716962864,26861166,26861165.999999985
141419338,2001059,2001058.9999999967
796603481,13742563,13742563.000000006
542855652,24843169,24843168.999999993
232728304,23336937,23336936.99999999
585806735,20558832,20558832.000000004
400992076,15288177,15288176.999999987
611740759,29786621,29786620.99999999
855939374,11601284,11601284.000000006
580138049,8339911,8339911.00000002
616134970,20822361,20822361.000000007
250634662,5558342,5558342.000000006
708363124,17390650,17390649.999999985
705331876,12384092,12384091.999999989
150277316,21023240,21023239.999999978
412562070,22457604,22457604.000000004
221297910,14950723,14950722.999999993
622186978,4657786,4657786.000000016
598205473,22718631,22718631.000000004
817582364,10883486,10883485.999999985
307851286,17592458,17592458.00000001
240149249,19520038,19520037.999999996
252815337,16852266,16852265.999999978
479023113,24723594,24723593.999999993
344392747,17804593,17804592.999999996
326373223,17299359,17299359.0
268627077,6146298,6146298.000000006
165910232,16959487,16959486.999999993
555993705,10764667,10764666.999999987
348833227,13038657,13038657.000000007
641643853,12919339,12919338.999999993
325297089,4288072,4288072.000000001
103494193,12120901,12120900.999999994
311362608,24642111,24642111.000000004
326809767,15601830,15601829.999999989
704371116,16945425,16945424.99999998
130530520,18962141,18962141.00000001
739813812,20278158,20278158.000000007
252429675,14551484,14551484.000000017
690186400,17759532,17759531.999999996
68717911,12848386,12848386.000000017
160944720,19884576,19884575.999999996
430422675,16969691,16969690.999999996
690107206,18438920,18438919.999999978
848066462,7771864,7771863.999999998
592013683,18679797,18679796.99999999
16206798,11799778,11799777.999999998
610967876,13613663,13613663.000000011
506320224,6245129,6245129.000000016
115182096,19339687,19339686.999999996
32866220,15748667,15748667.000000007
350099127,9103373,9103373.0
312419753,26362095,26362094.99999999
256459946,24676560,24676559.999999993
672485123,24341164,24341163.999999996
330038714,8226197,8226197.000000004
371891679,22298844,22298843.999999993
55089996,17149428,17149427.999999985
339575695,15088943,15088943.000000007
509974125,17238258,17238258.0
484097596,12955024,12955024.000000007
768244120,16272497,16272497.0
318072354,25262400,25262399.999999993
24834476,19784143,19784142.99999999
793093104,22685148,22685148.000000004
703477795,22858712,22858711.999999996
388420755,2544885,2544885.0000000144
60438693,7490070,7490070.000000003
441241976,16611695,16611694.999999998
260232952,25884726,25884725.99999998
80101711,15424250,15424250.000000007
103248030,13305289,13305288.999999993
573424097,18329382,18329382.000000007
162899180,10959253,10959253.000000002
157322399,15791334,15791333.999999996
758694098,26078540,26078540.000000004
829561594,16865881,16865880.999999993
279197792,19526276,19526275.999999996
77180730,5080080,5080080.000000003
568626408,11840421,11840421.000000002
592688251,18220138,18220138.0
254941559,7866235,7866235.000000002
645079985,14227644,14227644.000000007
184690957,18217128,18217127.99999999
160858091,9762187,9762187.0
203730195,22177773,22177773.000000004
699968596,25499445,25499444.999999985
43550254,22232329,22232328.99999999
577314800,26570133,26570132.99999999
457849132,15798435,15798435.000000002
121041252,23882979,23882979.000000004
553723437,8873700,8873699.999999998
467169701,26297135,26297134.999999978
676948402,22520035,22520034.999999993
543625690,5695738,5695738.000000017
620524833,27601788,27601787.999999996
523479261,18559049,18559048.999999996
848179955,26962052,26962051.99999998
248325665,21974612,21974611.999999996
342735651,29204554,29204554.0
607808663,10380167,10380167.000000006
357869158,23392192,23392191.999999985
317183910,6405391,6405391.000000009
749052521,14550828,14550828.000000017
548399080,6078112,6078112.000000005
199541650,21452403,21452402.999999985
764212553,28236660,28236659.999999978
559350967,16785796,16785795.999999996
460763675,26986951,26986950.999999996
369790538,5284803,5284803.000000001
13711190,4073501,4073501.0000000047
386993081,26163705,26163704.99999998
425094869,5377271,5377270.999999994
487540783,13909544,13909544.00000002
536978898,17069786,17069786.000000007
602351377,20310501,20310500.999999993
833600564,3156899,3156899.0000000233
766468646,26443559,26443558.99999998
59520733,12177558,12177557.999999993
851715133,12795265,12795264.999999983
477235076,11339902,11339902.000000013
745328048,3069089,3069089.000000001
472225585,22816566,22816565.999999985
64840421,25709432,25709431.99999998
223013765,8229284,8229283.999999996
383695195,19913414,19913413.99999999
292547831,10792776,10792776.000000013
250880666,5222203,5222202.999999997
656789190,19574365,19574364.99999999
469555056,16183448,16183448.00000001
350365439,11557431,11557431.000000006
32993047,4182844,4182843.999999995
654215448,13841222,13841221.999999985
590744346,7138977,7138977.000000001
603897710,8889376,8889376.000000013
221695685,16062668,16062667.999999989
520047518,8536436,8536436.00000001
23227964,15769414,15769414.000000007
743033165,24049658,24049658.000000004
612117078,5620449,5620449.000000014
468356249,8792837,8792837.000000011
221242798,4885979,4885979.0000000205
368963722,19155894,19155893.99999999
204314471,17914714,17914714.000000007
249872119,12527900,12527899.999999996
543903784,21376284,21376284.0
746345897,15228183,15228183.00000001
833533838,19030379,19030378.999999993
279097683,15111417,15111417.000000007
223690559,26449005,26449005.0
324469795,10013059,10013059.000000015
82455217,12447390,12447390.000000002
279823872,7532333,7532333.000000001
437224434,13316041,13316040.999999994
651147644,20291692,20291691.999999993
799019571,8895245,8895245.00000001
215465512,17645175,17645174.999999996
390064182,23821773,23821772.999999993
165587398,23323980,23323979.999999978
668686464,18922033,18922033.000000004
121148616,27203265,27203265.000000007
33702221,8423656,8423656.000000004
62164293,17908091,17908090.99999999
531212921,6290830,6290830.000000017
494853115,11026572,11026572.000000015
576183881,13998353,13998353.000000019
757286130,16329861,16329861.000000006
387769370,13093375,13093374.999999989
520622928,15727075,15727074.999999996
725683738,10169914,10169913.999999987
206263352,15492416,15492416.00000001
801245277,25660982,25660982.000000004
388424918,19985947,19985947.00000002
584689777,23846836,23846835.999999985
236470314,19688187,19688186.999999985
536842059,18510919,18510918.999999996
212196861,24613571,24613571.000000004
91652108,13168088,13168087.999999993
446988196,17313693,17313692.999999996
563371547,12635868,12635868.000000004
149508941,23773042,23773042.000000004
654720558,17969604,17969603.999999993
725401427,16034848,16034848.000000017
527137209,10627998,10627998.000000004
485740966,10610144,10610144.000000007
161729782,22601424,22601423.99999999
291171701,24848200,24848199.999999996
683664663,25297776,25297776.000000004
348381623,24748805,24748804.999999974
677079273,2621359,2621359.0000000023
209806751,10895890,10895890.000000004
541962557,10695410,10695410.000000006
650766473,18238109,18238109.000000004
142427774,19098715,19098714.999999996
787521616,24860976,24860975.999999993
512470358,10936776,10936776.0
40025960,9472831,9472831.000000022
500276804,8420082,8420081.999999998
592627901,28006033,28006032.999999974
198700960,13350282,13350282.000000007
148104452,3394610,3394610.000000026
488598083,23805505,23805504.99999998
515010144,22796552,22796551.999999978
371025734,26145199,26145198.999999993
388710718,19202670,19202669.999999996
398792885,22434418,22434417.99999999
96186140,13247569,13247569.000000013
212054022,8837514,8837513.999999987
203029017,13137877,13137877.000000002
113316169,22345167,22345167.0
60706603,10439552,10439552.000000015
167971281,8407547,8407547.000000004
399451017,23469236,23469235.999999996
427798941,14853216,14853216.000000007
693360735,5905060,5905060.000000023
308101571,28614724,28614723.99999999
133999018,12239870,12239869.999999987
790459478,16881593,16881593.000000007
537991758,14990818,14990818.000000007
174959163,6828831,6828831.0
203982148,12559149,12559148.999999998
668794168,26203577,26203576.999999985
404250110,23062649,23062649.000000004
820503156,9207332,9207331.999999994
273144974,14036375,14036374.999999985
295085831,20799760,20799760.0
254420463,13162988,13162988.000000004
351992386,9537811,9537811.000000004
726425426,11223843,11223843.000000006
183960630,12318698,12318697.999999993
67789512,23105737,23105736.999999996
18839663,24696087,24696087.0
406674576,14654302,14654301.999999993
450735631,17327710,17327710.000000004
790656745,19820131,19820130.999999993
91440956,13796408,13796408.000000013
356467077,10802987,10802987.000000015
610498424,9733291,9733291.0
843969016,13425127,13425127.000000006
35162349,24379829,24379829.000000007
229788520,12410025,12410025.000000004
594030395,20746857,20746856.999999985
781643787,12040545,12040545.000000011
43434918,26393202,26393201.999999993
809825452,8153570,8153570.000000004
707355298,10636518,10636517.999999996
301778113,14331472,14331471.999999985
816289171,9704066,9704065.999999989
805898637,18101264,18101263.99999999
478288923,6074810,6074810.000000014
304990689,7080725,7080724.999999991
64308225,14426043,14426043.000000011
260859089,7794427,7794427.0
326660363,22205740,22205739.99999999
227530813,29367290,29367289.999999985
46493459,21648084,21648083.999999996
575488134,21463005,21463004.999999993
675516090,10565388,10565388.000000004
524212047,11925022,11925022.0
526581423,4616667,4616667.000000021
623836435,23278835,23278834.99999999
226372914,11487672,11487671.999999994
204852559,14005337,14005337.000000013
788791593,15766998,15766998.00000001
698126782,28424642,28424641.99999999
38499737,13272217,13272217.0
211288877,28921855,28921854.99999998
271936836,9106349,9106348.999999998
253150412,7081415,7081415.000000013
404273426,23807292,23807291.99999999
371054961,10944021,10944021.000000015
57450402,26321813,26321813.0
515885357,17664632,17664631.999999993
398430225,1473215,1473215.000000019
53451152,9777640,9777640.000000004
185919443,22078373,22078373.0
121487547,11620317,11620317.00000001
371470551,15826026,15826025.999999985
696118132,16352503,16352503.0
852803666,20373889,20373888.999999996
748009512,21026237,21026236.999999985
245693891,15635483,15635482.99999999
108202944,18233234,18233233.999999996
328808094,17009140,17009140.0
328532480,6955229,6955228.999999995
645399027,24303772,24303771.99999999
703179866,20684235,20684234.99999999
727287913,14833128,14833127.99999999
325134873,5662557,5662556.999999998
423582947,29397701,29397700.99999998
207359429,20813956,20813955.999999985
496943301,4417784,4417784.000000002
101914498,4434443,4434443.000000002
821767302,2804070,2804069.9999999963
132806230,11490733,11490733.00000001
537385629,16095881,16095881.000000002
849118037,22145345,22145344.999999993
359098676,5070259,5070259.000000017
507629689,13214089,13214089.000000004
566322209,17697924,17697923.999999996
717586785,16406814,16406814.000000007
589469265,16213720,16213719.999999987
385470701,27741272,27741271.99999998
806653909,10155715,10155715.000000004
131911515,9403749,9403749.000000002
203259024,22227537,22227536.999999996
177906558,17847104,17847104.000000015
502249825,406912,406912.00000001455
278694763,10202686,10202686.000000024
435327529,21587334,21587333.999999996
384293538,19451715,19451714.999999993
149249294,13795567,13795566.99999999
73234917,10884444,10884444.000000011
238238984,14429913,14429913.0
149533273,18751816,18751816.0
621692422,20347010,20347009.999999993
199761285,22472192,22472191.99999999
839532524,15557365,15557365.000000004
735445327,3185261,3185261.0000000065
204199219,12037796,12037796.000000006
468877600,12978100,12978099.999999998
845259150,9528963,9528962.999999998
329201590,5880363,5880363.000000008
337759134,22225220,22225219.999999996
208510651,11122342,11122341.999999998
366917460,16691690,16691690.000000013
191181315,7105471,7105471.000000005
318526162,24742972,24742972.0
454942710,6160951,6160951.000000001
747099540,11404603,11404602.999999993
153784983,14546617,14546617.000000015
360909684,13575156,13575156.00000002
242416041,20255457,20255457.0
705104941,14683153,14683153.000000004
61356748,14973218,14973218.0
685521071,7793440,7793440.0000000065
350888890,10787350,10787350.000000011
158166397,12327369,12327369.0
35656353,8704413,8704413.000000004
826633318,15753762,15753762.000000015
384427917,28324539,28324538.99999999
217457952,11024385,11024384.999999998
372964238,4675117,4675116.999999997
548025357,24583045,24583044.99999999
301896005,8697810,8697809.99999999
285618277,22814928,22814927.99999999
571301249,5604236,5604236.0
703751988,20861436,20861436.000000004
437664889,16137813,16137813.000000006
818481105,23237022,23237021.999999978
223092284,11899192,11899192.000000015
270037475,24377847,24377846.999999993
52045611,21492150,21492149.999999996
748882118,14347371,14347371.000000013
305005278,17286385,17286384.999999993
537145481,26206334,26206334.0
438748310,14885498,14885497.999999998
304249239,12221370,12221370.0
368550547,18138319,18138319.000000004
728327468,14265315,14265315.000000007
348947346,8181266,8181266.0000000065
204208100,23555118,23555117.999999996
677764992,16479719,16479719.000000004
801052167,19425776,19425776.00000001
738522193,3268322,3268322.0000000102
430958652,12991231,12991231.000000007
136002756,12690917,12690917.000000002
278050344,9105245,9105245.0
658548831,8330704,8330704.00000001
781250676,5579156,5579156.000000005
271208948,9516647,9516647.000000007
573870601,14767697,14767696.999999994
844137916,16569803,16569802.999999996
549069054,18383369,18383368.999999993
676178603,11464143,11464142.999999993
644576904,11922509,11922509.0
514650710,21893675,21893674.99999999
765881024,21972913,21972912.999999985
146232884,10886174,10886174.00000001
299276481,19863535,19863534.99999999
193595308,10463288,10463287.999999996
681738196,10423033,10423033.00000001
91550614,27964451,27964450.999999996
143909726,18220327,18220326.999999993
629283843,20472736,20472736.000000015
441254258,8817793,8817793.00000001
175427547,7057939,7057939.000000003
810209176,19183560,19183559.99999999
841669764,1761147,1761147.0000000033
200006098,4619882,4619882.000000005
471016811,25723342,25723342.0
184518526,23773902,23773901.99999999
345126472,28688372,28688372.000000004
79165792,18096035,18096035.000000004
134789236,16015903,16015903.000000006
437460010,6847850,6847850.000000006
333205013,12580994,12580994.00000001
662870173,10708642,10708641.999999989
819624459,10823938,10823938.0
306638342,16836118,16836117.999999985
337122069,25219680,25219679.999999985
517764946,27355880,27355880.00000001
736919611,6159148,6159148.00000001
395221435,14905536,14905535.999999993
793118947,20785840,20785840.000000004
212013462,22812518,22812518.000000004
99900950,15965758,15965758.0
144136118,11525089,11525089.000000004
366048928,23365803,23365803.000000004
535890935,18725227,18725226.99999999
613072656,19216275,19216274.999999985
798351516,23428538,23428537.99999998
541586894,17290271,17290270.999999993
754277433,9506387,9506387.000000007
415070714,26702614,26702613.99999998
556890351,20555821,20555820.99999998
557610783,7873249,7873249.000000008
147988897,18288725,18288724.999999993
185159753,26817278,26817277.99999999
598775367,12178983,12178982.999999985
56731956,17109248,17109247.99999999
125300412,25332199,25332198.999999974
836953051,25630750,25630749.999999996
744699745,4662345,4662345.000000013
783131310,13150002,13150001.999999994
646321237,13183916,13183916.000000006
599870073,19258422,19258421.99999998
273270159,22430606,22430605.99999999
229481390,3033664,3033664.0000000065
419001546,8778672,8778672.000000007
829527926,27409270,27409269.999999996
380154364,18620151,18620151.000000004
289225892,24321407,24321407.000000004
63638863,20104807,20104807.000000004
812843552,8446505,8446505.000000013
305858294,26919295,26919294.999999985
250857168,23490372,23490371.999999985
654609069,14801361,14801361.000000011
233275788,13695418,13695418.000000002
729211658,12726824,12726823.999999994
449704263,15744555,15744555.000000006
75163804,8696821,8696821.000000013
344317849,18730187,18730187.0
165427978,16772267,16772266.999999993
576519223,7671060,7671060.000000004
347538921,9525675,9525675.000000011
135805694,8651097,8651096.999999985
560039288,6683041,6683041.000000023
298489044,19237428,19237427.99999999
726982512,16073716,16073716.000000017
838421917,12195523,12195522.999999989
174070219,10237567,10237567.0
494745045,14375089,14375089.000000006
514241350,23169045,23169045.0
853553213,10943726,10943726.000000002
386776234,15038648,15038647.99999999
515472465,6070810,6070810.00000002
380748435,19278184,19278184.000000007
411606270,8746403,8746403.000000002
566944826,29237524,29237523.999999996
596223769,12547394,12547393.999999993
766289019,7735253,7735253.00000001
47709787,16845516,16845516.000000004
297433072,15344265,15344264.999999994
717785853,22598819,22598819.000000007
207827655,10120901,10120901.000000024
532287579,20726389,20726389.0
306292839,24522358,24522357.999999993
723131892,13040433,13040432.999999998
155330899,5414196,5414196.0000000065
541836907,6524423,6524422.999999986
436845829,5818744,5818744.000000002
384166536,12844649,12844649.000000007
268701448,19361750,19361749.999999985
385219907,6609034,6609034.000000005
19383173,11437216,11437215.999999993
556068384,6220835,6220835.000000018
696889499,30296975,30296974.999999996
205873823,23394421,23394421.00000001
534747600,7424860,7424860.000000005
682403288,12697621,12697621.000000013
261508137,15661624,15661624.000000002
276916141,20759864,20759863.999999996
298106995,8965972,8965972.000000007
134189459,3400449,3400449.000000019
313101715,20580820,20580819.99999999
473566681,6175517,6175517.000000018
19571022,15699141,15699140.999999987
770481209,7989663,7989663.0000000205
267939654,8054151,8054151.0
520369484,18148487,18148487.00000001
77934115,14542764,14542764.00000002
487324249,2663660,2663660.00000001
317538197,8249298,8249297.999999999
24555431,27201705,27201704.999999978
43256564,21389742,21389741.999999985
263937610,25964673,25964672.999999978
590393361,9109534,9109533.999999998
661872326,13511283,13511282.999999993
97858496,15403748,15403748.000000006
383653865,21730815,21730814.999999978
155120642,20473464,20473463.99999999
334838089,23803220,23803220.000000007
778257030,21751472,21751472.0
384881584,14587954,14587954.0
215026797,14682342,14682341.999999983
448153671,25375357,25375357.000000007
751429263,7910978,7910977.9999999935
393553700,15560890,15560890.000000006
258113558,20519899,20519899.000000007
264956080,27092983,27092982.999999985
331427567,23793023,23793023.0
485162344,4569311,4569311.000000007
690105244,13854067,13854066.999999985
227764526,12562695,12562695.000000013
243148596,11726209,11726209.000000007
106483713,21653780,21653780.0
394484332,17411306,17411305.99999999
88244362,14114925,14114925.000000017
67180382,29017087,29017086.999999985
527072520,11006178,11006177.999999994
316475681,23434452,23434451.999999978
496335094,10752811,10752810.999999998
792655803,20106246,20106246.00000001
832508902,6176554,6176554.000000003
819961246,9904304,9904304.00000001
253644863,3693819,3693819.0000000093
190206040,19230804,19230803.999999993
794217259,25567356,25567355.999999996
418555365,28036100,28036099.999999974
334991683,6000491,6000491.00000001
528378636,22817566,22817565.999999993
301281177,4378712,4378712.000000019
448005310,11592775,11592774.999999998
565642648,14316757,14316757.000000007
561880236,9972363,9972362.999999989
12121542,22376215,22376214.99999999
434131220,18857553,18857552.99999998
301439284,18076407,18076407.000000004
53569003,15369844,15369843.99999999
741020041,24138148,24138147.999999996
374032230,11936596,11936596.000000011
302741087,13821960,13821960.00000001
240865223,3150510,3150509.999999998
472743961,9684094,9684094.000000015
311456593,2924652,2924652.0000000107
310909874,15973418,15973418.000000015
303868248,7216976,7216976.000000001
116874762,10336017,10336017.00000001
781566991,20222392,20222391.999999985
143728558,3021429,3021429.0000000033
53738630,21516856,21516855.999999978
392916730,12999662,12999662.000000002
30249773,8705951,8705951.000000013
483906902,13372817,13372817.000000002
835657141,12885276,12885275.999999994
377618700,21686059,21686059.000000004
739019500,21277322,21277321.999999996
254465731,10919855,10919855.000000004
408161275,20964410,20964410.00000001
41494616,14242244,14242244.0
370126086,13324800,13324799.99999999
574478020,19253575,19253575.0
108145791,20266505,20266504.999999996
628198883,15267323,15267322.999999993
611637089,12726004,12726003.999999993
401494067,9265024,9265023.999999998
824866775,13597902,13597902.000000002
348142353,14834795,14834795.000000017
710541755,16490850,16490850.000000002
731830414,23458014,23458013.999999996
295085535,23589520,23589519.99999998
532943874,21024378,21024378.0
700567042,5123495,5123494.999999992
398983345,7521355,7521354.999999991
198761131,24939583,24939583.00000001
587940943,27597061,27597060.99999999
24706379,13183270,13183270.00000002
646999113,17536189,17536188.999999993
432388523,12535034,12535034.000000013
142665307,28653858,28653857.999999993
160111669,5949244,5949244.000000017
176220639,19909516,19909515.999999985
261963024,17922455,17922454.999999993
700570853,8038087,8038087.0
95765142,25846644,25846643.999999993
200345279,1489039,1489039.0000000193
623157966,28454284,28454283.999999993
700609704,7056958,7056957.999999994
420807210,5916166,5916166.000000008
562374885,20080974,20080973.999999993
728847357,13816000,13815999.999999996
157984691,19781680,19781679.999999993
458769152,12032292,12032292.0
697921876,9393481,9393480.999999993
59338989,17859868,17859867.999999996
791659893,21968547,21968546.99999999
853146451,12356689,12356689.000000006
95947848,26643100,26643100.000000004
757978863,21883078,21883077.999999993
346332624,28114093,28114092.999999985
791909133,19760022,19760022.0
742612223,10661790,10661790.000000006
101625486,22902627,22902626.99999999
845707291,14493033,14493033.000000004
191131148,13104408,13104407.999999983
524054351,9651398,9651397.999999994
646994430,11143083,11143082.999999989
275994563,12810056,12810056.000000006
152603380,20623919,20623919.0
681986882,3880335,3880335.0000000135
677784235,14424929,14424928.999999998
20057905,18463975,18463975.0
476124835,17185565,17185564.99999999
24040813,20706934,20706933.999999985
358844919,13321495,13321495.000000006
534182692,30390228,30390227.99999999
498563318,15407814,15407814.000000015
732315554,21339076,21339075.99999998
115446336,10729139,10729139.000000002
462003578,20878648,20878648.0
854654455,21409622,21409621.99999998
310454117,24994811,24994810.999999996
848813463,15812937,15812937.000000004
255025346,7970386,7970386.000000002
270053945,18304187,18304186.999999985
303001993,15275768,15275767.999999996
222195205,22060954,22060954.000000004
141125517,22983218,22983217.999999996
620765079,17511554,17511553.999999996
420116759,8999149,8999149.000000011
578852350,20974444,20974443.999999996
142387242,16598450,16598450.000000004
611601041,3963766,3963766.0000000047
47897110,18965490,18965490.000000004
265006517,17669498,17669497.999999985
79430920,17523910,17523910.0
183617085,9903049,9903048.99999999
646295130,21784512,21784511.99999999
296492413,5747384,5747383.999999992
511450188,17770236,17770235.999999993
292159944,9672829,9672829.000000006
820063631,21521609,21521608.999999978
435833419,8793482,8793481.999999994
622719843,8495135,8495134.999999996
714790942,13950644,13950643.999999998
738177863,19504617,19504616.99999998
27899590,16018261,16018260.999999993
110652170,8942328,8942327.999999998
725899369,19288395,19288394.999999993
61113642,17914672,17914672.0
363617740,16912493,16912492.999999996
752360214,11726382,11726382.000000017
11301380,6490488,6490487.999999997
509051794,20766587,20766587.00000001
674586059,21328878,21328877.999999996
823075203,4075686,4075686.00000001
19374508,10996980,10996980.0
344377947,9585880,9585880.000000007
479142697,19153908,19153907.999999993
654160328,18400336,18400336.000000004
409503044,25441269,25441268.999999985
429863817,21955922,21955921.99999999
207971374,18422661,18422661.000000007
225310470,21586678,21586677.999999993
357212168,20409677,20409677.000000007
430179412,18113978,18113977.99999999
212618808,22304232,22304232.0
436936921,3903736,3903736.000000001
123741769,14014289,14014289.000000006
282793830,19543853,19543852.999999993
252403588,12719320,12719319.999999993
833462783,28232864,28232863.99999998
261745585,13847723,13847722.999999985
794001376,16363640,16363640.000000017
443364454,13463648,13463647.99999999
486453698,12194160,12194160.000000006
529422736,19904543,19904542.999999996
701417276,3446821,3446820.999999989
840712573,19910298,19910298.000000004
593799800,9694831,9694830.999999993
565405637,6397845,6397845.0000000065
356172968,5620093,5620092.999999995
351678476,22051097,22051096.999999993
798510332,21488149,21488148.99999999
345633221,9388349,9388348.99999998
760769560,19849344,19849344.000000004
341073359,18383907,18383907.0
626883738,16885071,16885070.999999993
42634698,5155998,5155998.000000004
84564658,27859987,27859986.99999999
530588715,12045249,12045249.000000013
622175297,14171202,14171202.000000006
495764145,14478774,14478774.000000004
637005837,19662729,19662728.99999998
152715034,29928399,29928398.99999999
379823065,12282317,12282317.000000007
778343141,11458000,11457999.999999994
627261941,9557280,9557279.999999994
567949583,15830557,15830556.999999989
377629896,13829288,13829287.999999996
590104737,14826150,14826149.99999999
734954564,11184024,11184023.999999996
637387515,19357991,19357990.999999996
204423861,14581747,14581746.999999987
352535383,19105778,19105778.0
545203910,8674058,8674057.999999994
662853428,27456212,27456211.99999999
254538570,22678935,22678934.999999996
235073052,22213892,22213891.999999996
231875518,14626520,14626519.999999983
798002387,17084831,17084830.99999999
290628361,16925613,16925612.999999996
461700185,18565064,18565064.0
799088010,26318052,26318051.999999996
389608791,13718219,13718219.000000002
550102804,12436607,12436606.999999989
471653292,12183650,12183649.999999998
655580079,6403838,6403838.00000001
678098613,10495469,10495469.0
499463160,21269547,21269546.99999999
104759692,10124154,10124154.000000006
122563439,19770743,19770742.999999996
747388227,15587322,15587321.99999999
36678892,26033631,26033630.99999998
504179696,4965094,4965093.999999997
798586279,15777253,15777252.999999998
72495376,20980449,20980448.999999985
615939895,20555487,20555486.99999999
56689089,17845729,17845728.999999993
403051268,15373115,15373114.999999996
98214207,15271109,15271109.00000001
127164017,13662161,13662160.999999993
19737323,24381891,24381890.99999999
166289790,18785061,18785060.99999999
748542430,2118429,2118429.0000000163
482642821,19382412,19382411.999999996
115479833,10096063,10096062.999999996
409434855,24244650,24244650.000000004
545993977,10983917,10983917.000000006
348925737,16133391,16133391.000000002
575849416,12843624,12843624.000000006
166734014,13180533,13180533.000000019
812848366,16718277,16718277.000000006
466407521,15896824,15896823.999999983
296866232,6482167,6482167.000000003
95830005,14005451,14005451.0
261955174,19707829,19707828.99999999
223009009,21759088,21759087.999999993
716355810,22243047,22243047.000000004
699234198,3727982,3727982.000000015
691816348,16250620,16250619.99999999
302694449,19999034,19999034.0
291765827,7214934,7214934.000000003
414198800,20130835,20130835.0
155061748,20754167,20754166.999999993
196450347,27563988,27563987.99999999
680321941,15576365,15576365.00000001
567915295,24867143,24867142.99999999
534335736,20124331,20124331.000000004
773622575,25279655,25279654.999999996
327737356,12813284,12813284.000000004
307526800,3270405,3270404.9999999977
192045662,15404383,15404383.00000001
317602958,26980792,26980792.00000001
35083941,17967997,17967996.99999999
365831206,15997410,15997410.00000001
310628589,6740245,6740245.0000000205
69314515,20283131,20283130.999999985
118697206,17670174,17670173.999999996
516234496,7067534,7067533.999999993
406933725,21378721,21378720.99999998
163798894,12504634,12504633.999999989
278739027,23782914,23782914.000000004
23967037,4709126,4709126.000000016
366997097,13265398,13265398.000000019
803481385,20915200,20915199.999999996
631311443,18306036,18306035.999999993
457878952,23657433,23657432.999999993
53452204,14317970,14317970.000000002
383894385,22716524,22716523.999999985
478447384,26567361,26567360.999999985
460357942,22914373,22914372.999999974
300781033,13612914,13612913.999999981
247972874,9537598,9537598.000000024
624381016,21336385,21336384.999999985
751567642,7322515,7322514.999999996
432815506,16490257,16490256.999999993
254003930,8783939,8783939.0
588857093,18843037,18843036.999999996
11953767,25229306,25229306.000000004
815076446,19734872,19734872.000000015
413343611,26795013,26795012.999999985
303843397,22700467,22700466.999999996
256318211,13337699,13337698.999999996
347708207,18496225,18496225.0
110433856,11670693,11670692.999999996
775841303,10719726,10719725.999999987
453928147,6831898,6831898.000000006
435759378,8525867,8525867.000000011
47882858,14248723,14248723.000000011
16721561,19648084,19648084.0
790048436,14401435,14401435.000000011
700614658,8455389,8455389.0
776743455,16706213,16706213.0
116566228,25833704,25833703.99999999
738274603,20097839,20097839.0
382012780,19445419,19445419.000000004
612605100,14044029,14044029.0
100579663,8836866,8836866.000000024
781689607,28516049,28516049.000000007
697782893,8309696,8309695.999999997
129157983,6015545,6015545.000000019
328690040,13967110,13967110.000000007
595747045,24716562,24716562.000000004
596252110,11627296,11627295.999999996
490578848,11410305,11410305.000000006
166607519,10319633,10319633.000000007
175187139,22250778,22250778.0
668710552,24984374,24984373.999999993
542598074,8104763,8104762.999999996
534231136,23852735,23852734.99999998
401827556,9064005,9064005.000000007
455673307,7979481,7979481.000000008
659113969,12317420,12317420.000000002
210158033,4549349,4549348.999999999
429701538,24712462,24712462.000000007
61777394,8284510,8284510.0000000065
158796667,15017104,15017103.999999993
491447377,20581154,20581153.99999998
766027466,6949899,6949899.000000008
639960693,11529893,11529892.999999994
693442954,23575048,23575048.0
251874828,12079488,12079488.000000004
68201270,16122717,16122717.000000002
49171068,5401782,5401782.000000017
594922180,18153945,18153944.999999993
820364031,18960595,18960594.99999999
414764457,22667214,22667213.999999996
58944351,17029739,17029739.0
513012516,12417574,12417573.999999993
299645158,4380662,4380662.000000001
282491108,9055267,9055267.00000001
785900549,7833799,7833799.000000001
541716652,24341246,24341246.000000004
524565927,8067183,8067183.000000001
66672652,5356803,5356803.000000012
628893070,15421125,15421125.0
12966404,10927914,10927914.0
74441513,15566453,15566453.00000001
225858865,2720567,2720567.000000011
702860361,13710400,13710400.000000002
460169284,20971665,20971664.999999996
708247796,17617703,17617702.999999996
784624727,16500658,16500658.000000006
114418176,20440903,20440902.99999999
538774971,26045121,26045121.000000004
210911861,23985440,23985439.99999999
533029152,19297961,19297960.999999985
96590378,20998786,20998785.99999999
106962142,10848332,10848332.000000011
476293280,22775361,22775360.999999993
75445368,9947454,9947454.00000001
802089840,11390997,11390997.000000013
732314629,17735551,17735550.999999996
118577474,9362564,9362563.999999993
67059503,23018034,23018034.0
485957383,14907610,14907610.000000002
655055561,26111553,26111552.999999993
820981880,4354080,4354080.000000007
619568485,8342617,8342617.000000007
323964031,28867835,28867834.999999996
598119778,17460605,17460605.000000015
274985524,15046133,15046132.999999993
299261149,23886917,23886916.999999985
274123171,24794468,24794467.999999993
327419685,16837226,16837225.999999993
799112178,13447561,13447560.99999999
323300686,22851358,22851358.000000004
726848605,22701150,22701150.000000004
824805791,22394401,22394400.999999996
512389512,14500998,14500997.99999999
469016711,9330560,9330560.00000002
408232797,13810792,13810792.000000004
201886221,9727330,9727329.999999993
842719356,13955488,13955488.000000007
21808260,12696689,12696688.999999994
224028326,12719856,12719856.000000015
174983810,9083533,9083532.999999998
82588612,18265381,18265380.999999996
452965070,23932151,23932150.999999985
209764640,19116418,19116418.000000004
461818068,10801128,10801128.0
134543074,22695807,22695807.0
585334973,19186102,19186101.999999993
290557531,15334531,15334530.99999999
233557897,8036358,8036358.00000002
216116375,18383300,18383299.999999985
581675211,24665659,24665658.999999985
180903976,9736251,9736251.000000002
214150404,17155427,17155427.000000007
117463701,12084911,12084911.00000002
770844509,23762837,23762837.00000001
129483578,6451319,6451319.000000012
743393086,25217046,25217046.000000007
838474154,15984594,15984594.000000013
812328532,13055530,13055529.999999996
214599477,18548836,18548836.000000004
418855795,18419844,18419843.999999993
172460347,7176340,7176340.0000000065
184394180,16954058,16954057.999999993
443342810,6370206,6370206.000000008
345321082,13459805,13459805.000000004
226701096,19117846,19117846.000000015
389405790,11261052,11261052.000000007
91141685,16471121,16471121.000000004
637003194,16467902,16467902.0
781647226,7547877,7547877.000000001
826184760,17101448,17101447.99999998
387146840,14718857,14718857.000000011
328074169,8327614,8327614.000000002
510124178,16088596,16088596.000000013
98303856,18498538,18498537.999999993
135810842,21887032,21887031.999999996
519822240,12410368,12410368.0
835059647,16593827,16593827.000000004
120977185,9965373,9965373.000000015
383316799,15055300,15055300.000000006
452526512,24827599,24827598.99999997
508493218,18813554,18813553.999999996
340708575,8744519,8744519.000000007
564278080,10159755,10159755.00000001
548450506,8964210,8964210.000000002
550611583,29487897,29487896.99999999
653608183,26696933,26696932.99999999
180930928,13523102,13523101.999999996
590074339,19359032,19359032.000000004
747323886,24880262,24880261.999999985
386044398,11234756,11234756.00000001
430979910,22401754,22401754.000000007
36624286,17618548,17618547.999999996
843979114,28015053,28015052.99999999
105592587,12339952,12339952.000000007
468836601,24887287,24887286.99999999
204844147,23647187,23647186.999999993
341936598,12701390,12701390.000000002
12313243,6700999,6700998.999999994
818115742,9013329,9013328.999999993
779402383,16057382,16057381.999999998
75037991,2117235,2117235.0000000093
87514655,22982692,22982691.999999993
425375508,17183291,17183291.0
13492658,21649201,21649201.000000004
598754573,16472593,16472593.000000004
317012411,17318239,17318238.99999998
759415372,21644880,21644880.00000001
790805494,14071235,14071235.000000006
449678166,12869440,12869439.999999996
314918343,28161774,28161773.99999999
143739052,14609280,14609280.000000004
482849654,19617356,19617356.0
702603338,21871508,21871508.0
154794595,13665517,13665517.000000006
821952899,14967877,14967877.000000007
128129242,10141173,10141173.000000013
149344171,19548944,19548943.99999999
628968292,22704668,22704668.0
460629613,17543328,17543327.99999998
754665792,6557150,6557150.000000007
578636287,12051868,12051868.00000001
414287155,18992667,18992666.99999998
807803747,5830025,5830024.999999992
764837912,25724790,25724789.99999998
509064519,15075862,15075861.999999993
50311803,29546561,29546561.0
588677360,13923008,13923008.000000006
391636443,2898184,2898184.0000000247
15793616,20560656,20560655.999999996
444932212,14259866,14259866.000000013
103696592,16763765,16763765.000000007
41443773,1487869,1487869.000000007
437091991,10911316,10911315.999999998
570042147,19742746,19742745.999999996
163984485,13860251,13860250.99999999
360336934,28707928,28707927.999999996
641270165,12432425,12432425.000000022
457453222,19528400,19528399.999999985
804722639,12576401,12576401.000000007
564948998,4088020,4088020.000000011
476241524,1187453,1187453.0000000026
161381903,18135415,18135414.99999999
836636373,15106177,15106176.999999987
123731830,25892886,25892885.99999999
525714554,25870107,25870107.0
520106756,13526163,13526162.999999994
744113927,9186850,9186849.999999994
104128753,21647965,21647964.999999974
694272784,16822267,16822266.999999978
765741216,21569178,21569177.999999996
421418529,14376886,14376886.000000007
107407387,17507993,17507992.999999993
760704255,16213079,16213078.999999994
833364548,11591918,11591917.999999987
427202392,18300559,18300558.999999996
463324944,17590122,17590122.000000004
604006098,22366628,22366627.999999985
399260318,14383361,14383360.999999996
152302912,15121037,15121037.000000002
61535763,16414412,16414412.000000006
108195078,9388103,9388102.999999996
263153314,18745797,18745796.999999996
48189834,21129601,21129600.99999999
45471969,9863645,9863645.000000002
323588780,16241586,16241586.0
141782495,26840782,26840781.999999996
455235792,21654454,21654454.0
669236687,9403999,9403999.000000017
767681476,4746281,4746281.000000015
121295637,26138657,26138656.999999993
308819666,7831785,7831785.000000017
77190596,14319285,14319285.000000011
277732464,9039038,9039038.0
148974044,12560394,12560394.000000011
250421364,11146292,11146291.999999994
738048996,19268676,19268676.000000007
514441151,15692555,15692555.000000004
627644123,11687418,11687418.00000001
179207323,13479365,13479365.000000011
648275275,8877376,8877375.999999994
682984326,11849721,11849721.0
762707686,17056288,17056287.999999996
550185027,20447442,20447441.999999993
847470509,24968393,24968393.000000004
574335995,20417862,20417861.99999999
449453416,25448515,25448514.999999996
257031705,27523607,27523606.999999996
465030772,24697596,24697595.99999998
629214028,2301344,2301344.0000000033
305938873,18808450,18808449.99999999
162925772,18136400,18136399.999999996
507879035,19717753,19717753.0
302424909,8457805,8457805.000000013
452247741,7253029,7253029.000000002
713181627,4734411,4734411.00000001
306219428,13455365,13455364.999999998
317087201,23344251,23344251.000000007
703191227,19006054,19006053.999999996
682221653,6720406,6720406.000000008
644558231,21724847,21724846.99999999
472697356,16193920,16193920.000000006
250974462,10561675,10561675.000000004
332312280,20390585,20390584.999999996
309541278,29559675,29559674.999999978
281041429,13409266,13409266.0
597999882,11781538,11781538.000000017
131058888,7490880,7490880.000000004
211662241,24048882,24048882.0
287067246,22497889,22497888.999999985
397526022,14845157,14845156.999999987
236569077,11226520,11226520.0
633281840,10292424,10292423.999999994
601255835,12600666,12600666.000000013
93210188,17200953,17200952.999999996
313031370,12788498,12788498.000000004
789102390,25473390,25473389.999999985
153073381,12518690,12518689.999999998
99774471,11889614,11889614.000000004
653294690,19195384,19195384.0
682146430,23433193,23433192.99999998
753312586,15755894,15755894.0
483109111,16047448,16047448.0
306820084,15290951,15290951.000000011
46554173,8137813,8137812.999999997
693707942,6350542,6350542.0000000205
841621668,10582017,10582017.000000017
143525139,11914685,11914685.0
176312097,8239715,8239714.999999993
208094854,13311883,13311883.000000004
457560569,15241647,15241647.000000004
541201696,17719324,17719324.0
468552940,12526536,12526536.000000017
791876549,14701732,14701731.999999985
56718945,15463378,15463378.000000019
495539543,27292567,27292566.99999998
412801757,25824824,25824823.999999978
283226565,23795140,23795139.999999985
421871972,15190206,15190206.000000006
265926744,22998049,22998048.99999999
98038215,13097579,13097578.999999993
62737320,14827729,14827728.999999998
178535664,19237912,19237911.999999993
328974867,10003871,10003871.000000019
711410981,16821011,16821011.00000001
78975630,13663493,13663492.99999999
652922557,14092635,14092635.000000002
206334814,9855140,9855140.000000015
42374438,14538751,14538751.000000015
132756940,10531104,10531104.000000004
350633238,25533096,25533095.999999996
339327717,19054116,19054116.0
630698100,9835788,9835788.000000004
799814410,14732916,14732915.99999999
387008486,13048101,13048100.999999996
611241638,9122327,9122327.0
660453261,3226619,3226619.000000003
489895305,14228078,14228078.000000002
804966240,25188260,25188259.999999993
842474910,5688308,5688307.999999999
143294445,24727507,24727506.999999996
736137983,24233054,24233053.999999993
380111187,9147753,9147753.000000006
802286615,25635828,25635827.999999993
397849973,13597299,13597298.999999998
440039789,19602102,19602102.000000007
204846283,12669173,12669173.000000006
388544929,21791736,21791735.999999993
755657594,23894269,23894268.999999985
649320632,13843166,13843166.000000017
718174809,6797897,6797896.999999999
181610428,15959816,15959815.999999998
774295953,11817917,11817916.999999998
29818589,17739011,17739010.999999985
375700030,22688584,22688583.999999993
316941533,9706452,9706452.000000013
721600957,23661243,23661243.000000004
127017806,29541060,29541059.999999993
788287787,18969800,18969799.999999985
261430851,18497830,18497829.999999993
278594597,18620896,18620895.999999993
67504078,9908889,9908889.000000015
508837708,8351620,8351619.999999995
738059378,24137182,24137181.999999985
434400844,7887748,7887747.999999989
480798017,10837875,10837875.000000006
641648827,22697183,22697182.999999978
664886448,26361190,26361189.999999985
662986026,24098026,24098025.999999974
430655194,20313140,20313140.000000004
81239527,28558095,28558094.999999993
489582618,15460500,15460499.999999983
741805265,5288100,5288100.000000004
322435042,23508189,23508188.99999998
463311336,19425018,19425017.999999993
152871391,16680311,16680310.999999994
485556947,1832079,1832079.0000000063
691223994,20288202,20288201.99999999
15600823,18019777,18019776.999999996
230253407,18755717,18755717.000000004
220434586,15020338,15020338.000000004
747365112,7544946,7544946.000000005
567848965,28767705,28767704.99999999
772683227,16002736,16002736.0
336169145,15985393,15985392.999999996
249387891,17179976,17179975.999999993
606954171,19490378,19490378.000000007
400786063,7227047,7227047.000000022
490383532,14253356,14253355.999999998
354720204,10308912,10308911.999999998
316895093,8100372,8100371.999999996
185197947,8683602,8683602.000000007
212573698,26039334,26039333.99999998
598248242,19960641,19960641.000000007
552086480,22166589,22166589.0
108506661,14616699,14616699.000000002
688839236,13859155,13859154.999999993
334302481,27783034,27783033.99999998
522958575,13591035,13591034.999999994
548287815,13414031,13414030.999999993
838054881,14452439,14452439.000000002
633267629,19363294,19363293.99999999
434503597,8659631,8659631.00000002
47209774,19535150,19535150.0
605717143,3770139,3770139.000000021
774214825,12443665,12443665.000000004
802670574,13652102,13652102.000000007
328066917,14556035,14556035.0
502042990,13433413,13433413.000000006
457440256,22591981,22591981.0
666123711,10183017,10183017.00000001
26900645,21027741,21027740.99999999
436209578,11155828,11155827.99999999
44538144,21636796,21636795.999999993
840052696,23021583,23021582.999999993
71414698,7636355,7636354.999999995
831336006,11186927,11186926.999999996
296712895,14562399,14562398.999999996
642849838,4721425,4721425.000000016
786404591,22095029,22095028.999999996
659080977,11324058,11324058.000000007
139980154,17649166,17649165.999999993
161651572,2323453,2323453.0000000093
125893935,24194453,24194452.99999999
492582909,12344948,12344947.999999996
775683407,20456755,20456755.0
611274408,10571002,10571002.000000015
811650686,18997128,18997128.000000007
339400211,24255548,24255547.999999978
269696930,16625750,16625749.999999989
422881142,11235669,11235669.000000004
482650023,26798298,26798298.000000004
234890415,13346595,13346595.00000001
196806610,26548346,26548345.999999978
81680136,10206043,10206042.999999998
577865927,24228296,24228296.0
208224450,26622715,26622715.000000004
634137280,20346404,20346403.99999998
397030098,1132039,1132039.0000000088
239967767,9931676,9931676.000000006
423005047,22666660,22666659.999999996
205602386,21673256,21673255.99999999
483720907,12821859,12821858.999999985
425881786,11477357,11477356.999999998
728548619,26608267,26608266.999999996
190548331,9221538,9221537.999999994
569218372,15898741,15898740.999999987
823726035,25625395,25625394.99999999
422442333,3873297,3873297.000000016
56601209,6358625,6358624.999999995
416989812,14565817,14565817.0
372022466,6083121,6083120.999999998
376209540,11607570,11607570.00000002
607302137,8452303,8452302.999999993
14647122,10685662,10685662.000000007
345931570,20774324,20774323.99999998
443381876,10601402,10601402.00000001
762571609,19250515,19250514.999999985
371238616,20874132,20874131.99999999
473963257,18171724,18171723.999999985
688556743,17804156,17804155.99999999
193802049,13729632,13729632.000000013
170121045,29279477,29279476.999999996
318719728,23714672,23714671.999999993
411366596,10906392,10906391.999999996
818675010,5689566,5689566.000000007
487168561,28369610,28369609.999999996
176260011,21823560,21823560.000000007
510144457,29284086,29284086.000000004
376317680,30531640,30531639.999999993
723157752,28074743,28074742.999999996
820138567,17593728,17593727.999999996
102364689,4442430,4442430.000000016
457978533,7196775,7196774.99999999
850919243,11121154,11121154.000000004
209305642,13559702,13559702.000000011
209043661,19546713,19546712.99999999
374281939,20134682,20134682.00000001
428214281,15037105,15037105.000000013
335553761,20652505,20652505.000000004
717798004,10564925,10564924.999999998
740180774,15253290,15253290.000000007
524384876,21637664,21637663.999999974
419146417,9285591,9285591.000000004
762117716,11352084,11352083.999999996
161695753,10734437,10734437.000000006
621852197,22957287,22957286.999999996
742779094,7473074,7473074.000000002
220409424,14813146,14813146.0
690365137,11102157,11102157.000000002
240635147,14991233,14991233.000000004
66717416,3794286,3794286.0000000084
760127698,14897874,14897873.999999998
777633821,16829748,16829747.999999993
754490532,6296745,6296745.000000023
700244326,27522057,27522056.999999996
440807421,18799901,18799901.000000004
419579049,15301179,15301178.999999993
593144447,11636988,11636987.999999998
121302812,17421797,17421796.99999999
439927006,14890441,14890440.999999993
754463249,25657245,25657244.999999985
187066249,2165388,2165388.000000002
484236821,16193659,16193659.000000002
806153530,13292226,13292226.000000002
685844774,20165396,20165396.0
614154860,19903059,19903058.99999999
115090221,10156217,10156217.0
124592210,16797200,16797199.99999998
430309841,8475641,8475641.0
297214910,13007275,13007274.99999999
545826963,15894490,15894490.000000004
357366257,11338996,11338995.999999996
165389435,26618982,26618981.99999999
63581706,3854882,3854882.000000007
331605497,24964267,24964267.0
59399921,19231545,19231545.0
668189012,24790257,24790256.99999999
849513851,12280016,12280015.999999994
783121381,24318018,24318018.000000007
106300917,15636177,15636177.000000002
792247735,14443838,14443838.000000011
665028732,6714229,6714229.000000011
855349607,29352240,29352239.999999993
133638279,23171015,23171014.99999998
366022303,8187215,8187215.000000012
504834994,21095696,21095695.999999985
630307018,10073022,10073021.999999993
507802979,16319716,16319716.000000006
842030501,4997000,4997000.000000003
722635081,13199492,13199492.000000024
119473153,12902282,12902281.999999994
598211234,8560734,8560734.000000013
448942986,11494585,11494584.999999994
348058716,25806766,25806765.999999993
258380691,11526609,11526609.000000011
281181168,12610373,12610373.000000006
733094870,10555740,10555739.999999996
99346049,23678382,23678381.999999985
177638612,15701737,15701737.000000006
446048570,15925792,15925792.000000004
185937297,17224885,17224884.99999998
386481894,9445830,9445830.000000022
209689957,18293212,18293212.000000007
461753357,20186126,20186125.999999993
197980558,3337712,3337712.000000013
26986598,21602892,21602891.99999999
225445663,6668513,6668512.999999998
62803059,19755603,19755603.00000001
382132776,29244305,29244304.999999985
554749055,27404476,27404476.000000004
805417675,8316050,8316049.999999996
496637906,3697982,3697982.0000000065
608737481,26888693,26888692.999999996
26863875,9409256,9409256.000000006
354130722,14657973,14657973.000000006
424274047,27369199,27369198.999999985
632960256,17254950,17254950.0
114848507,6648978,6648978.000000014
429713858,14319888,14319887.999999998
60012403,5828903,5828903.000000008
471464877,18030928,18030928.0
339108341,21609997,21609997.0
58795678,27440600,27440599.999999985
303729781,7977789,7977788.999999993
299533120,20966503,20966503.000000004
543803811,30893878,30893877.999999996
376965183,18749328,18749327.999999996
573335330,26174489,26174489.0
356397838,11210537,11210536.999999996
634014195,19497351,19497350.99999999
849546746,13498304,13498304.000000004
855638498,22854794,22854793.99999999
732200927,6445406,6445406.000000006
15606400,18826533,18826532.99999998
799666817,19379789,19379789.000000004
524015534,19588896,19588896.00000001
634136144,3863611,3863611.000000013
428654541,14231339,14231339.000000006
123102393,18672167,18672167.000000004
205917388,9912838,9912838.000000004
438474937,24659462,24659461.999999993
800848068,13763485,13763485.000000017
511669994,13098119,13098119.000000019
539468841,17952801,17952800.99999999
236593439,4103108,4103107.9999999967
130446539,22560835,22560835.0
173199330,20133495,20133494.999999985
374939374,12813366,12813366.000000007
482669979,11975953,11975953.000000007
644250119,14823886,14823886.000000011
831185544,19675836,19675835.99999999
278922354,6018953,6018953.000000003
254137695,19257827,19257826.99999998
275559634,26819473,26819472.99999999
592657906,12033430,12033430.0
87340496,13633233,13633232.999999994
652607689,15859563,15859563.000000011
687211343,11872749,11872749.0
803791593,11545656,11545656.000000006
425438756,15746632,15746631.99999999
200352616,11263986,11263986.000000017
214598066,12697658,12697658.00000001
362462768,5653080,5653080.0000000065
620927412,17106678,17106678.00000001
487824582,10651843,10651843.000000002
677246024,5330724,5330724.00000001
364746596,12222790,12222789.999999998
764300612,17903960,17903959.999999993
746720673,20213294,20213293.99999998
30489069,11629115,11629115.000000007
262927160,28644603,28644603.00000001
643218781,15058026,15058026.000000002
114729985,24607215,24607214.99999999
252390965,28630644,28630644.0
178124093,11717437,11717437.00000001
823087573,10250743,10250743.000000013
837944039,18711399,18711399.000000004
688782779,21408741,21408741.0
593090039,16748900,16748900.000000002
306270307,13691155,13691155.000000011
139507500,27025201,27025200.999999985
670415152,25695813,25695812.999999985
831100978,11943783,11943783.000000013
777892591,9785008,9785007.999999996
437452768,17282224,17282224.00000001
303464629,9099457,9099457.000000013
565108464,15411460,15411459.999999996
112464531,19073450,19073450.000000007
152725232,14375005,14375004.999999996
780624169,19558687,19558686.999999985
97368062,6172469,6172469.000000007
280108377,2190530,2190530.00000001
561753661,18396851,18396850.999999993
584576636,17389284,17389283.999999985
211640946,14407547,14407547.000000013
542792017,8285368,8285368.000000003
591744550,19953692,19953691.999999985
689550225,11363388,11363388.0
311467680,18228935,18228934.999999993
835662153,19518200,19518199.999999996
425929427,13687364,13687363.999999993
113837881,13023800,13023799.999999994
813092009,24263114,24263113.999999993
521188927,17340416,17340415.999999985
285686559,11006520,11006520.000000022
774120251,2460694,2460693.999999997
394503927,20084927,20084926.999999993
53663653,10343123,10343123.00000001
620537007,22451871,22451870.99999999
546556178,6542024,6542024.000000009
809794033,17111121,17111120.999999985
361380974,19076039,19076038.99999999
432933123,23497231,23497230.999999985
659263072,23875158,23875158.0
546057317,12969959,12969958.999999989
296226356,8134203,8134202.999999986
63976680,21074489,21074488.999999985
466107862,17584210,17584210.00000001
56712634,18203289,18203288.99999999
274899332,20530895,20530894.999999985
692800462,27810454,27810453.999999978
601350949,23369981,23369980.999999985
602175278,15309971,15309971.000000007
380965192,14316598,14316597.999999985
152816335,25077059,25077059.00000001
378866982,8031828,8031827.999999999
289671276,26543780,26543779.99999998
119158620,16394187,16394186.999999998
839235010,11152369,11152369.000000002
486278855,18493312,18493311.999999978
604706668,5969315,5969315.0000000065
530866924,18500603,18500603.0
462762865,14461510,14461509.999999998
268395268,22688604,22688603.999999996
743630029,18822845,18822844.99999998
789269429,17614352,17614352.000000004
285642412,21140403,21140402.999999985
187497785,13167225,13167224.999999996
648807972,17885770,17885769.999999996
261032990,9567325,9567325.00000001
160060761,16427434,16427434.000000002
682346371,9591861,9591860.999999998
97960461,7471280,7471279.999999998
666511497,6186187,6186187.000000006
612908432,24783706,24783705.999999978
54104172,16781018,16781018.000000015
243327540,5368773,5368773.000000013
349081607,1002842,1002842.0000000207
393967099,22320019,22320019.00000001
521112666,24817082,24817082.000000004
270252508,11562380,11562380.000000004
343701106,14250050,14250050.00000001
70411572,17036432,17036431.99999999
721970121,10481767,10481767.000000007
685922268,26669277,26669276.999999996
35133913,13968756,13968755.999999994
82046739,23260303,23260302.999999985
754613182,13324101,13324100.999999994
837672587,25753894,25753893.999999985
248869750,6695174,6695174.000000018
56477597,9643657,9643656.999999994
384584676,733628,733628.0000000116
509080162,20603175,20603174.99999999
106522469,12279913,12279913.000000017
347944314,12420426,12420426.000000006
308686804,13538209,13538209.000000015
437299194,10098873,10098873.000000019
218342977,11579877,11579877.000000006
543788305,20308236,20308235.999999996
519443068,24678681,24678681.00000001
46764171,9771553,9771553.000000028
422753185,12670597,12670597.000000004
162046472,15043062,15043061.999999996
387117725,20542217,20542216.99999999
812314285,5369160,5369159.999999999
759808512,19474868,19474867.999999993
534212294,6250330,6250330.000000008
153120110,10909213,10909212.999999993
247253491,9647167,9647167.00000001
800079041,21204661,21204660.999999993
414889426,21350086,21350086.000000007
253546182,26577394,26577393.999999993
839711671,9303004,9303003.999999993
192971584,9493165,9493165.000000007
282570442,15581558,15581557.99999999
167087310,20811434,20811433.999999993
820112493,15185647,15185647.0
258217520,14951670,14951670.000000002
118589599,17382220,17382219.999999985
727538936,10958263,10958262.999999989
840800388,24730163,24730162.999999996
280995419,16820380,16820379.999999996
659764711,20601502,20601502.00000001
573948720,17557997,17557997.000000007
36687084,17814158,17814157.999999996
646680666,10233007,10233007.000000002
553264936,16778416,16778415.99999999
539326831,25822787,25822786.99999998
184347031,22473905,22473904.999999993
477268325,17873498,17873497.999999993
353463325,14071507,14071507.000000022
221730471,18316551,18316551.000000004
742662268,15301228,15301228.000000004
545111531,19688025,19688025.0
347438980,10644515,10644515.00000001
257956793,10944478,10944478.0
633760396,3936133,3936132.9999999995
20841817,12893743,12893742.999999994
514391925,19603152,19603152.000000004
382346805,12647091,12647091.000000011
79117399,21858605,21858604.999999993
846255479,20476833,20476832.999999985
128968373,27406495,27406494.999999993
481954568,20909373,20909372.99999999
572930366,27959067,27959066.99999998
124572998,16342471,16342470.99999999
145778982,19531705,19531704.999999993
732511821,4554776,4554776.000000006
431892102,22663131,22663130.999999985
83207494,12195554,12195553.99999999
24235865,27990604,27990603.999999974
648897291,18655174,18655174.00000001
758125474,17408973,17408973.000000004
433111869,15017933,15017933.0
223886079,18928067,18928066.999999993
811112482,5635491,5635491.000000001
394511158,20536457,20536456.99999999
209244280,13738474,13738474.000000002
546281027,12881097,12881097.000000007
601141440,24125553,24125552.999999985
587833612,16949287,16949286.999999985
458666209,24779035,24779035.000000007
73091127,16572142,16572141.999999994
563814930,5427156,5427156.000000014
423806072,13352044,13352044.000000004
149295199,19923151,19923150.99999999
475536424,24416081,24416080.999999993
496050698,8257864,8257864.000000018
260035091,21652802,21652802.0
487431424,13707389,13707388.999999998
117014261,28858209,28858208.999999993
498682796,13343260,13343260.0
759238668,16399812,16399812.000000013
460559295,3882899,3882899.0000000037
93889251,11450182,11450181.999999993
722766716,3280824,3280824.0000000154
677367587,21371591,21371590.999999993
359014720,16714967,16714967.0
813925476,17652494,17652493.99999999
358480689,16927502,16927501.999999993
507761341,20560936,20560935.999999996
220968772,10921905,10921904.99999999
539390531,19782899,19782899.000000015
627341402,18146033,18146033.0
116041957,4862675,4862675.000000015
595624577,16297971,16297970.999999994
168199564,18055162,18055161.99999999
456871984,19555012,19555011.999999985
43428124,30322462,30322461.999999993
214218850,25548471,25548471.0
438175265,10296537,10296536.999999998
641059104,3536142,3536141.9999999935
460797035,24072303,24072302.999999985
423534862,8810040,8810039.999999998
68758846,7866890,7866889.99999999
80915220,17210144,17210143.999999993
577487741,27858296,27858295.999999996
289402523,17374794,17374793.999999993
246178171,12772022,12772021.99999999
800502461,10922497,10922497.000000004
340605258,8985132,8985132.0
69649346,17966708,17966707.999999985
91117851,16199575,16199575.000000002
824611041,20539052,20539051.999999993
260514139,10728517,10728517.000000002
618909896,10868263,10868263.000000006
279366564,15019374,15019374.000000002
182007914,20854598,20854597.999999996
83305900,2275970,2275970.000000003
611701822,22275030,22275030.0
187978638,18929046,18929045.99999999
718513077,16871932,16871931.99999999
112061591,23296586,23296585.999999993
208847165,7683539,7683539.000000004
56893904,6380603,6380603.000000008
202193406,16929036,16929035.999999993
828794623,20101578,20101578.0
544708921,23124649,23124648.999999996
68576445,15359660,15359660.000000002
95701617,22597105,22597105.000000007
494514168,14273709,14273708.999999989
487902453,25886985,25886984.999999996
209761194,22237147,22237146.999999993
527002797,17402058,17402058.0
388399667,3955737,3955737.000000005
334035140,17952471,17952470.999999996
372688853,18288640,18288639.999999985
