machine_id,heat,prediction
816434060,15.2325947,15.23259469999994
70279238,13.8100696,13.81006960000055
88521065,17.0186683,17.01866830000023
431494252,10.603134,10.603134000000319
362555690,18.356631999999998,18.356632000000097
24891799,10.4474247,10.447424699999985
193913012,11.536814,11.536813999999616
419420358,16.4249907,16.424990699999714
256858179,14.568551,14.568550999999843
697787699,12.2194961,12.219496100000315
181700166,12.7550209,12.75502089999984
377500656,15.7526341,15.752634100000304
238917832,14.612646999999999,14.612647000000052
57434149,12.1701713,12.170171299998664
784557972,16.849089,16.849088999999605
29300957,10.250259,10.250259000000614
64673249,10.8510908,10.85109079999898
207450573,10.155204,10.155203999999804
492306076,18.2286204,18.228620399999294
207608855,17.8746891,17.874689099999813
543842903,16.904785099999998,16.90478509999983
405019304,11.1616426,11.161642600000254
584530645,16.6230798,16.623079800000873
409805307,10.4939296,10.49392959999937
546890409,17.7292904,17.729290399999847
318615371,13.7323311,13.732331100000115
156024306,12.2311643,12.231164300000462
565463890,13.5215667,13.521566699999845
782822245,16.4222707,16.42227069999951
757590920,16.0392444,16.0392443999997
791674858,12.0079878,12.007987800000286
20589191,15.0754567,15.075456699999634
777980811,14.302586699999999,14.302586700000454
815520261,10.9457808,10.945780800000646
125947527,10.9119806,10.911980599999753
805135671,10.4053747,10.40537469999977
723264250,11.8928197,11.892819700000041
231325909,18.895342,18.895342000000774
834146348,12.4739702,12.47397019999894
219023186,16.057149199999998,16.05714919999992
812962704,17.731106,17.731106000000118
91543479,14.876595,14.876594999999703
271023184,10.6111366,10.611136599999334
214298633,13.9705203,13.970520300000091
125294391,11.898931900000001,11.898931900000262
122227750,15.8585894,15.858589400000199
367204973,14.9654095,14.965409499999604
215192489,12.2655842,12.26558420000056
225921895,17.2729976,17.272997599999332
381241465,12.9974664,12.997466400000219
628963924,10.5322377,10.532237700000941
397369217,18.038199499999997,18.03819950000054
430771549,14.8426199,14.842619899999589
20578193,11.2366599,11.236659899999408
706187854,12.2863995,12.286399499999733
634632630,15.666275500000001,15.666275500000795
553195825,11.4201636,11.420163600000102
683471010,11.6082216,11.608221599999702
415459167,17.4830105,17.483010499999633
71334617,10.4731573,10.47315730000055
534901382,11.0115106,11.011510599999182
818468456,16.383622,16.383622000000447
506982830,18.852879299999998,18.85287929999999
118029955,17.7610766,17.76107660000104
637466154,10.2244944,10.224494399999795
567357623,15.5729583,15.572958300000167
352624832,14.4627064,14.462706400000123
552960196,14.2344152,14.234415200000004
207883595,12.5507293,12.550729299999904
829621995,18.0383545,18.03835450000002
645645715,16.4568819,16.45688190000027
200063377,13.6157146,13.61571459999995
729883696,15.0992827,15.09928269999897
300542726,15.5252687,15.525268699999927
648807387,12.0277961,12.027796099998351
267232530,16.987771600000002,16.987771599999107
386747692,16.767961800000002,16.767961799999682
275224273,14.4480618,14.448061800000835
566433505,11.568711,11.568710999999325
485049163,13.3838784,13.383878400000098
373010246,14.977154,14.97715399999893
115636366,13.1147395,13.114739499999967
830074535,16.312268500000002,16.312268500000147
512966633,12.207210700000001,12.207210699999127
474214668,11.723426100000001,11.723426099999603
399875609,18.7287809,18.728780900000842
126295687,18.64201,18.642010000001036
666393591,18.110476,18.110475999999945
356560826,10.6403961,10.64039609999867
195990756,10.1659303,10.165930300001284
731687300,16.2282106,16.228210600000686
50330591,15.603076699999999,15.603076699999324
293403382,13.844060800000001,13.844060800000172
214785572,14.9034871,14.903487099999534
272378475,14.5105897,14.51058970000064
324705723,17.8538346,17.85383459999927
408513267,18.6399956,18.63999560000017
119289430,16.345906499999998,16.34590650000103
512290782,11.1603501,11.160350100000427
395942738,17.7944704,17.794470400000296
31583361,11.6881692,11.68816920000019
178097676,16.2385969,16.2385969000012
371515942,17.368245299999998,17.368245300000446
54639379,16.7927436,16.792743600000854
230816834,14.5480992,14.548099199999168
376336230,11.1675595,11.167559500000307
827260897,18.3594567,18.35945670000072
389738003,17.9463227,17.946322700000778
131438732,10.4752733,10.475273299999445
272784097,12.958593,12.958593000000185
344298478,17.4768221,17.476822100000216
831608073,10.5356485,10.535648499999125
499458580,10.4192524,10.419252400000031
330301860,12.3679142,12.367914199999689
568647944,18.1588385,18.158838499999476
363216710,10.8406577,10.840657699999918
483924553,17.5156356,17.515635600000753
551317584,18.5511214,18.55112139999987
734734574,16.1703153,16.170315299999658
508544144,13.5172193,13.517219299999576
62072988,16.467068400000002,16.46706840000012
196333453,16.2339911,16.233991100000456
806523451,12.3989742,12.398974199999731
207442256,17.6689133,17.668913300000284
195340443,17.0899738,17.08997380000025
255263710,18.2936797,18.293679700000986
739182726,14.0908927,14.090892700000056
530655345,18.181624499999998,18.181624500000012
290935804,14.802223600000001,14.802223600000424
589131413,15.5021294,15.502129400000106
173451520,11.0507024,11.050702400000148
397691144,11.7444814,11.744481399999874
670606751,18.1653758,18.165375800000696
757065919,18.926292,18.9262919999995
493038128,17.4795887,17.479588700000246
307859736,18.1790145,18.179014500000875
490672347,10.9466309,10.946630899999295
41943478,12.9992235,12.999223500000625
114629349,10.5347197,10.53471969999955
322506953,17.0261593,17.026159300000405
423512803,13.7636035,13.76360350000034
773174473,18.4205989,18.420598899999604
182956430,17.0585353,17.058535300000663
401592902,17.3241294,17.32412939999969
60847661,14.450054600000001,14.450054600000463
559861777,14.3062153,14.306215299999385
668783043,12.940734299999999,12.940734300000516
764636980,12.670852199999999,12.670852200000462
607787268,16.7754358,16.775435799999457
635858258,11.7856513,11.785651300000103
720400068,17.1865006,17.186500600000812
235355232,14.451623,14.451622999999937
564102949,14.246301500000001,14.246301500000575
414220572,16.7986596,16.798659599999784
473154977,17.2919746,17.29197459999945
237866028,17.2682547,17.268254699999872
216623990,17.6477711,17.64777109999902
299919820,11.0519185,11.051918499999529
523399503,16.8794809,16.87948089999984
776271103,17.3200444,17.320044399998864
802522789,11.592028299999999,11.592028300000575
434902922,18.6087037,18.608703699999417
260580033,14.650756699999999,14.65075670000076
216856226,14.593387400000001,14.593387400000033
123779913,15.997474,15.997474000000246
779791180,11.2053028,11.2053027999991
170486920,11.7229228,11.722922799999083
266607910,18.403372400000002,18.40337240000072
330680720,10.1572699,10.157269899999527
794945471,10.5896444,10.58964440000056
223350823,13.7203029,13.720302900000203
660545833,14.183514800000001,14.183514799999621
238523091,17.9516869,17.951686900000286
584511971,11.8620075,11.862007500000578
643438582,18.7446106,18.744610600000062
125159293,18.869111,18.869111000000263
719796449,15.5669227,15.566922700000035
119121656,12.021078,12.02107799999872
111902879,15.955903,15.955902999999974
635568550,11.3163384,11.31633839999862
122112192,10.3372723,10.337272300000144
168700185,16.9968426,16.99684259999871
717397915,15.331180400000001,15.331180399998887
102430490,11.1619994,11.161999399999816
170023548,13.8941655,13.894165499999948
147651579,15.132108500000001,15.1321084999993
434957880,13.1855503,13.185550300000344
485550559,14.3711565,14.371156500000433
672476889,14.2769194,14.276919400000084
624316198,12.7398511,12.739851100000134
601603043,13.6746944,13.674694399999876
750822083,18.6763006,18.67630059999965
528965794,15.1779634,15.177963399999545
500991152,16.6041909,16.6041908999998
432456512,14.2683897,14.268389699999856
381943211,16.940221,16.94022099999952
656835593,10.7762233,10.776223299999906
727421964,12.9447944,12.944794400000333
567278274,11.3416387,11.341638699999415
224627191,16.8923525,16.892352499999905
18057417,16.217368399999998,16.2173683999993
592589693,12.0986784,12.098678400000606
651566686,14.1072943,14.107294299999356
640144062,11.0332091,11.033209100000349
636680387,15.112193399999999,15.112193399999793
184994632,10.0757084,10.07570839999983
334817759,10.3035912,10.30359119999997
369275339,15.2996066,15.29960660000054
738808199,16.3255575,16.325557500000254
174089195,14.022580999999999,14.022580999999475
17449037,10.1293939,10.129393899999528
405547230,12.3909988,12.39099879999955
335780911,17.8625318,17.86253179999966
790576897,17.224708800000002,17.224708800000023
599044242,12.4449388,12.4449387999999
188471893,17.1975612,17.197561200000163
87023276,12.0973493,12.097349299999248
390412121,10.3689027,10.368902700000113
474329891,11.9090117,11.909011700000617
489963379,12.7966041,12.796604099999486
641552241,12.9548798,12.954879800001043
423318286,11.9350488,11.935048800000146
734246721,18.3334767,18.33347669999892
612938730,17.7126695,17.712669500000363
851478690,15.3327589,15.332758899999359
426040237,10.8003484,10.800348399999937
507489261,18.969444199999998,18.9694442000013
164119874,10.1625563,10.162556299999181
765783004,18.4383234,18.438323399999643
14627002,16.847535999999998,16.847535999999792
482713279,13.5083161,13.508316100000052
291806790,14.4613973,14.461397300000522
173433218,12.6377226,12.637722599999664
710085482,18.665,18.665000000000738
513473082,15.9370424,15.937042400000676
358842729,15.5671194,15.567119400000127
725168412,17.8231261,17.823126099999335
614361096,17.1226137,17.122613700000777
215093900,12.9700963,12.970096300000462
565573570,16.7555118,16.75551179999956
392972336,15.8097692,15.809769199999838
850834735,18.0885999,18.088599900000197
498906913,16.772212699999997,16.772212700000434
568682151,14.8860346,14.886034600000706
147655219,17.956165900000002,17.95616590000008
812498676,11.2893142,11.289314199999836
635445499,18.5021868,18.502186800000175
853223525,13.430993,13.430993000000594
829299536,17.077567000000002,17.0775670000007
99064364,18.828336999999998,18.828337000000413
242284946,12.2189314,12.218931400000196
643682365,16.3150708,16.315070800000058
783638645,14.7593834,14.759383400000056
817494526,10.4683713,10.468371300000742
681337755,10.7751598,10.775159800000198
13537116,14.5415388,14.54153879999973
321562240,13.786519,13.786518999999556
312885118,14.1228383,14.12283829999948
469901439,18.0025933,18.00259330000072
169221080,10.421594,10.421594000000205
603043288,15.909356599999999,15.90935659999994
342417923,12.4752937,12.475293700000504
652589868,14.547405600000001,14.54740559999971
732748655,15.737357,15.737356999999438
504174139,16.0310841,16.031084100000157
227608908,18.482782399999998,18.482782400000627
711643073,11.1751593,11.175159299998517
49413683,14.506599699999999,14.506599700000217
428041561,11.7710374,11.771037399999885
722552313,10.364287,10.364286999999553
802850334,11.3202231,11.32022309999968
414001474,17.658293,17.658293000000278
201784665,15.5392164,15.539216399999743
71428136,13.5721975,13.572197500000339
548531434,17.5272436,17.52724360000019
546924997,17.2399521,17.23995210000021
87873288,17.225574299999998,17.225574299999966
552942719,18.329344900000002,18.329344899999427
204676310,17.167237,17.167237000000117
549070406,17.7545818,17.754581799999595
802755824,18.5049809,18.50498089999973
273924432,14.7378421,14.737842100000506
715659573,12.7747712,12.774771200000128
837799028,15.5789543,15.578954300000149
624879370,13.116930700000001,13.116930699999884
362695311,15.2641666,15.264166600000443
104624146,18.163714900000002,18.16371489999921
259064635,17.865830199999998,17.86583020000019
40556282,17.0428179,17.042817900000188
843284159,12.4203305,12.420330500000473
447390379,11.8690039,11.869003899999635
609747879,13.5034524,13.503452400000707
631755787,15.989088200000001,15.989088199999728
310031061,17.7051671,17.705167099999965
812044370,11.4400189,11.440018900000076
370406218,16.8286881,16.828688099999514
226054451,18.1126834,18.1126834000005
693619481,18.7534502,18.753450200000188
217522138,15.4421551,15.442155099999283
531301442,16.9171664,16.91716640000029
835624521,17.4945399,17.494539899999353
378031084,18.748247900000003,18.748247900001267
602334510,18.2396868,18.239686800000726
539956533,15.7320188,15.73201880000119
183423451,10.8058654,10.805865400000126
534007343,10.5642105,10.564210499999804
178755354,16.0138216,16.013821599999897
327437968,18.304260499999998,18.30426050000053
714052760,12.0838125,12.083812500000338
385675753,10.273885,10.273884999999865
106397653,13.4086483,13.408648300000806
222144031,17.894074500000002,17.894074500000304
532473093,11.6654094,11.66540939999908
677651086,18.481146000000003,18.48114600000015
117895967,11.0014349,11.00143489999984
435964780,11.4854433,11.485443299999387
311157480,10.7658971,10.76589709999959
824074266,10.6827414,10.68274139999896
292020574,12.7077586,12.707758599999394
726010536,15.315887400000001,15.315887399999877
266398661,15.932648799999999,15.932648800000003
14702453,10.9637491,10.963749099998552
687631711,11.5064803,11.506480299999458
178489274,11.7813325,11.781332499998895
240113321,16.9343943,16.934394299999763
669954331,10.5758964,10.575896399998676
229085096,16.6210242,16.62102419999983
538172258,13.983759,13.983758999999889
760577586,17.121465399999998,17.121465399999465
450814497,13.2686919,13.268691900000569
742959952,17.1070894,17.107089400000227
402381554,11.0563719,11.056371900000494
248914185,18.063313100000002,18.06331310000043
153116962,10.0171375,10.017137500000125
835067329,12.6425267,12.64252669999965
544664606,16.2003998,16.20039980000009
338963204,16.313829300000002,16.313829299999092
219731222,12.7197851,12.719785099998917
797922099,14.4863015,14.486301499999978
155914011,10.4081802,10.408180199999041
222365840,17.363139,17.363139000000615
103038380,15.3703797,15.370379700000122
265167217,18.579379600000003,18.5793796000003
495184810,13.454329099999999,13.454329099999843
729122329,14.4047608,14.404760799999874
526776882,16.7174415,16.717441499999925
716177272,10.2088869,10.208886899999818
504101004,13.9047953,13.9047952999996
102588221,18.8775135,18.87751350000044
803824656,16.8906005,16.89060049999993
561525398,15.696758599999999,15.696758600000036
145307297,14.04288,14.04288000000015
182153317,10.3446417,10.344641699998794
284104475,11.9764064,11.976406399999995
662539581,14.6698205,14.669820499999211
654176096,18.5488687,18.548868699998906
694813949,13.9646531,13.96465309999934
625299094,11.0341787,11.034178699999908
584139588,17.822435,17.822435000000215
302945661,14.410113899999999,14.41011390000008
264640372,17.254067499999998,17.254067499999934
479055510,16.0172564,16.01725640000091
693063798,13.7335197,13.733519700000185
28597347,15.2585901,15.258590100000406
852344492,15.285319399999999,15.285319400000544
770394601,12.9098081,12.909808099999509
836986435,18.7326987,18.73269870000002
262767344,12.8998214,12.899821400000762
789775457,18.9483176,18.948317600000294
187285799,15.1574363,15.157436300000033
500332687,15.8561116,15.85611160000164
507033405,12.3145837,12.314583699999613
210603982,16.453302700000002,16.453302699999483
278867430,11.151497599999999,11.151497599999152
170181832,15.794793899999998,15.794793900000315
294711774,17.879767899999997,17.879767900000463
598803414,16.9635637,16.963563699999312
586319628,16.8351209,16.835120899999772
16591067,15.6303632,15.630363199999453
651929084,15.4931213,15.493121299999558
156006307,13.6053667,13.60536670000037
637206225,12.4424179,12.44241789999917
399080862,16.2768981,16.276898099998697
779502762,15.8310716,15.831071599999413
210049380,10.7961628,10.79616279999982
792976894,16.3315798,16.331579800000092
312853353,14.6424847,14.642484700000274
605205809,13.4619201,13.461920100000098
19346700,10.6353004,10.63530039999955
561483904,16.8968249,16.896824900000496
656171106,18.846197099999998,18.846197099999245
48738456,15.8837953,15.883795299999814
168034736,16.8153846,16.815384600000115
596796745,15.7663483,15.766348300000171
432481329,16.801762699999998,16.801762699999927
51885302,11.4494812,11.449481199999068
761097058,18.8241472,18.824147199999636
467729116,12.4208587,12.420858699999739
789529226,16.484534,16.484534000000135
660050876,10.6749742,10.674974199999399
124178491,18.1478973,18.147897299999475
27525992,15.663835500000001,15.663835499999635
241866461,14.664031399999999,14.664031399999228
720593571,13.1675582,13.167558199999803
21408939,17.4589878,17.458987800000592
205630267,16.9698081,16.969808100000723
117658544,14.8443662,14.84436619999931
245053024,14.3765024,14.376502400000618
329586725,16.4130538,16.413053799999027
168404101,16.7573721,16.75737210000044
464627919,13.7206639,13.720663900000002
435343048,12.0698211,12.069821100000583
691537448,14.6189335,14.61893349999953
433516518,10.2021139,10.20211390000039
479385570,10.336091,10.33609099999963
410917835,14.3041933,14.304193299999863
491246708,15.0882401,15.088240099999572
680856324,15.7045978,15.704597800000656
718486482,15.851359200000001,15.851359199999656
848149936,18.508878000000003,18.50887799999957
377785591,12.188271,12.18827100000068
303405987,14.7154032,14.71540320000005
214951939,12.3783071,12.37830709999954
303479549,12.2505069,12.250506900000941
109252494,13.7140155,13.714015499999789
566089948,18.840482,18.84048199999961
269547254,15.7399259,15.739925900000628
72174882,11.0292575,11.029257499999002
248257747,10.5387311,10.538731100000069
308452756,18.730074899999998,18.73007490000044
240288750,18.9835926,18.983592600000165
484828191,17.962622,17.96262199999946
55774198,11.6280424,11.628042399999654
483232828,13.3272941,13.32729409999903
184934263,10.8065293,10.806529299998957
598972804,12.2921952,12.292195200000343
663643003,13.5627252,13.56272519999948
316639228,10.5702619,10.570261899999442
770316627,16.8700445,16.87004450000094
716483810,17.6591054,17.659105399999664
728808374,11.1023915,11.102391499999765
854320217,10.0155646,10.015564599999937
761432811,12.1374385,12.137438500000279
136612524,10.649042099999999,10.64904210000074
84954928,12.574964399999999,12.574964399999416
704140932,11.16385,11.163849999999762
448592408,14.0236079,14.023607900000442
413198850,15.415373599999999,15.415373599999427
303623591,10.1149706,10.114970600000616
774350340,10.7504134,10.750413400000356
562119886,13.0953772,13.095377199999437
740223244,13.3874449,13.387444899999547
33832831,16.363332200000002,16.363332199999846
748925872,18.661492799999998,18.661492800000186
278621792,18.116206599999998,18.116206599999515
15662485,18.6811612,18.6811611999999
732608247,13.6589779,13.658977899999908
454181430,10.0352239,10.035223900000167
486623209,11.072479,11.072478999999817
732871524,13.2023187,13.202318700000108
403479534,18.830893500000002,18.83089350000063
102679585,13.2905797,13.290579699999762
490428721,13.7088769,13.708876899999643
759208396,17.0299628,17.02996280000009
828585890,15.522095700000001,15.522095699999852
61160568,10.7034386,10.703438599999654
431939384,11.770037,11.770036999998993
351428588,12.8367887,12.836788700000223
315437528,11.107971299999999,11.107971299999427
140467808,15.8552876,15.855287600000864
389753053,14.2634084,14.263408399999765
89860793,10.7887768,10.788776800000388
820650012,16.9082639,16.908263900000577
92695690,12.8045176,12.804517599999743
70898558,14.364868099999999,14.364868100000152
272413677,13.8385152,13.838515200000014
317375634,11.5740496,11.574049599999373
629492902,12.6886024,12.688602400000086
519767835,12.0712255,12.071225500000045
689153913,11.259037,11.259037000000136
595775241,18.9156295,18.915629500000463
807575753,18.5451814,18.54518140000107
217450209,18.6068,18.60680000000074
298472172,13.9489011,13.94890110000063
721708441,17.718434600000002,17.718434600001522
232772867,11.9352778,11.935277799999195
702282309,17.8411798,17.841179800000937
286419188,11.9036679,11.90366790000024
134567551,15.761591800000001,15.76159180000062
668708801,16.1606725,16.16067249999942
258870401,13.156650200000001,13.156650199999504
407552584,15.3540627,15.354062699999657
185065807,12.5978767,12.597876700000262
615368304,17.9294695,17.929469500000042
848809959,13.105388099999999,13.105388099999118
539531047,13.973453899999999,13.973453899999614
630442112,14.4961766,14.496176600000013
591084020,16.6233971,16.623397100001377
828530655,15.6728349,15.6728348999995
784261712,15.8222364,15.822236400000321
318420246,13.8369498,13.836949799999825
533260673,10.9517319,10.951731899999608
767898095,16.6615421,16.661542100000467
543757428,12.347749199999999,12.347749199999667
675245633,13.1073057,13.107305700000627
124263980,15.120415699999999,15.120415699999452
262317842,12.1051055,12.105105499999285
249945050,17.8539365,17.853936499999975
292102705,13.928700599999999,13.92870059999963
377596433,16.3594086,16.359408600000332
135795844,15.3884611,15.38846109999935
596560009,11.481518,11.481517999999209
635257837,13.9904584,13.990458399999984
326050829,10.3819041,10.38190409999958
365576692,17.7317009,17.731700900000007
583387841,10.0445832,10.04458319999949
640703400,10.4204335,10.42043349999953
291503831,12.1257131,12.125713099999917
701192521,16.827457600000002,16.82745759999964
295563404,17.9319794,17.93197939999932
456891885,15.7921745,15.792174499999863
396917526,11.5105498,11.510549800000081
817257705,11.3384337,11.338433699999872
482688898,14.8714967,14.871496699999913
595907522,11.0531971,11.053197100000002
361659842,11.6127135,11.612713499999398
625384307,15.241609700000001,15.2416097000005
667239668,15.869588199999999,15.869588200000159
91486017,10.4222179,10.422217899998989
543561036,16.5185004,16.518500399999418
584449443,17.9147087,17.914708700000766
671440971,14.4958562,14.495856199999823
408709129,10.6497627,10.649762700000116
853022610,14.6317929,14.631792899999791
300875424,13.5897446,13.589744600000667
448964381,13.8884023,13.888402300000045
842285469,10.1860044,10.186004399999282
564022265,17.831913399999998,17.831913400000758
541868031,16.4046603,16.40466029999997
756072167,14.029766299999999,14.02976629999899
453290040,14.354309,14.354308999998866
742920597,15.4556609,15.455660899999561
299815357,12.9064794,12.906479400000821
318001577,11.9114094,11.911409399999172
709889753,11.5773637,11.577363699999447
116699336,10.2390459,10.23904589999913
706507312,10.9913619,10.991361899999685
670170369,11.421641900000001,11.421641900000797
648713593,14.400788200000001,14.400788199999457
496004359,10.937924,10.937924000000244
773882072,18.8741205,18.874120499998526
434501651,16.6303142,16.63031419999924
562554100,14.5258224,14.52582239999954
327420344,16.4425305,16.442530499999762
315966339,15.0190783,15.019078299999787
277815678,10.7666336,10.766633599999816
462531975,16.0697668,16.06976679999973
122294337,16.7943289,16.794328899999794
449841879,18.8398711,18.839871099999698
72292684,17.6182768,17.618276799998895
234526147,10.1534372,10.153437199999505
506419516,13.701464699999999,13.70146469999947
448256093,10.3393543,10.339354299999453
794677463,14.016578500000001,14.016578499999707
561269200,10.3500872,10.350087199999695
135321821,12.9334483,12.933448300000421
345363241,15.3465871,15.346587099999763
525817688,18.4585875,18.45858749999964
294240577,17.29898,17.298980000000338
197366245,16.5474903,16.54749030000027
578352475,13.0709607,13.070960699999956
363511713,15.5393769,15.539376900000159
834023604,14.9900271,14.990027099999823
705348368,10.6626718,10.662671799999288
662459010,10.8878783,10.887878299999866
646746519,17.5048921,17.50489209999971
837705204,12.657159,12.657158999999966
11582997,11.6079543,11.607954299999868
164746037,11.3250663,11.325066299999248
252566100,10.9152532,10.915253199999862
428979858,12.5115665,12.511566500000173
471108050,11.8972056,11.897205600000083
454886289,12.2101146,12.210114600000312
344585301,17.6380336,17.63803360000005
179471823,13.640268599999999,13.640268600000311
623982825,12.2851671,12.285167100000038
577809358,15.983705,15.98370500000016
763179288,14.8452681,14.845268099999572
745463770,11.3512448,11.351244800000066
23006061,18.9603764,18.960376399999223
531097028,10.0640181,10.064018099998606
49914261,17.2988399,17.29883989999993
401769178,11.9684854,11.968485400000285
431369773,17.3624189,17.362418900000012
275769605,11.5334158,11.53341579999983
208788998,13.7140646,13.714064599999347
761460235,13.4557666,13.455766599999397
729948980,15.5572971,15.557297100000174
234168799,10.0521715,10.052171499999744
746653461,18.312780500000002,18.312780499999754
689715084,13.4314222,13.431422200000869
733864676,16.273479000000002,16.27347900000034
321566771,13.1199932,13.119993199999408
835370747,13.0660135,13.066013499999293
129950809,13.5535407,13.55354069999965
233247425,14.536646900000001,14.536646900001585
411135038,11.3386076,11.33860759999926
557937679,17.0566393,17.056639300000377
249829802,16.8770552,16.877055199999166
55094038,10.6053604,10.605360399999892
567918450,13.172774,13.172774000000496
514774115,17.4564754,17.45647539999949
230736021,12.5230581,12.523058099999414
848308972,13.5186963,13.518696299999
280459645,13.2225052,13.22250519999945
591905314,18.639691499999998,18.63969150000089
704094258,12.9569951,12.956995100001423
482463901,13.1971883,13.197188299999713
127099972,11.8213145,11.821314500000637
804430806,10.2775785,10.277578499999073
585314897,12.1465216,12.14652159999875
314907358,16.1380919,16.138091899999775
74381167,14.6114689,14.611468900000666
320897008,11.8452669,11.845266899999423
548349859,18.911887800000002,18.9118878000019
647203522,12.3875412,12.38754119999915
609111011,14.261996199999999,14.26199620000013
618345421,16.4487315,16.448731500000303
710021690,16.8690725,16.869072499999863
529184028,13.1343245,13.134324500000954
640988692,11.3044469,11.3044468999994
489847134,14.5007429,14.500742899999956
697766842,18.9067079,18.906707899999493
431811172,14.0985911,14.09859110000056
275653607,13.5954452,13.595445200000645
305653364,11.9475407,11.947540699999792
168040933,11.3885903,11.388590299999823
376049057,18.3590533,18.35905330000051
418127309,17.3454595,17.345459500000658
592659234,17.261188,17.261187999999162
484144399,17.3631444,17.363144400000667
577381160,16.298797999999998,16.298798000000765
471054022,17.0428517,17.042851699999268
471474629,11.1932946,11.193294599999623
584046839,14.175912100000001,14.175912100000069
115618794,15.1247045,15.124704499999488
498434933,11.2477482,11.247748199999778
569054358,18.4072394,18.407239399999554
814751418,15.7495239,15.749523899999446
469657291,14.4209782,14.420978199999839
629148715,18.3474953,18.347495300000816
568314530,17.2975027,17.29750269999966
752910993,18.2686512,18.268651199999983
726158978,17.341820300000002,17.341820300000183
119037666,17.8032842,17.803284199999492
829907630,10.1008668,10.10086680000082
446450584,12.8436395,12.843639499999561
26977847,12.1152735,12.115273499999983
126627292,13.1598018,13.159801799999709
225897504,13.0171861,13.017186099999282
240903807,15.1527217,15.152721700000583
780126355,18.9801828,18.980182800000136
60356261,12.484475,12.484474999998803
105391441,17.3895021,17.389502099999717
52903977,13.9433329,13.943332899999406
587250702,16.9703171,16.970317099999264
855108529,10.8051401,10.805140100000138
224543031,15.7406079,15.740607900000043
41665720,18.1064734,18.106473400000407
364113181,15.406672799999999,15.406672800000159
738379498,17.688791600000002,17.68879160000086
494459173,17.344544,17.344543999999793
322179498,11.835398,11.835398000000673
427812684,18.6523539,18.65235389999987
429590828,13.1927261,13.19272609999853
763581492,17.8362704,17.836270400000554
644802651,11.0746248,11.074624799999631
566676229,14.6806395,14.680639499999446
745183618,16.9475197,16.947519700000996
305729372,15.8426697,15.842669700000938
350228943,17.712324600000002,17.712324600000873
47854825,14.5706232,14.570623200000112
166374445,14.5075358,14.507535800000756
587641738,10.1629835,10.162983499999125
367779403,15.5334105,15.533410499999938
767123158,13.4038577,13.403857700000456
352474091,13.7442239,13.744223899999941
422591119,11.9501131,11.950113100000376
420661838,13.4018102,13.401810200000817
774420659,12.1827683,12.182768299999987
527289279,14.3793984,14.379398399999056
595096133,16.6834307,16.683430700000688
63446215,16.5944267,16.594426700000014
351839518,18.0527725,18.052772500000962
651837958,11.0627611,11.06276110000005
278728131,10.371088,10.371087999998885
305346176,18.6780923,18.67809230000075
702067356,10.3481212,10.348121199999248
751834297,11.8373979,11.837397899999413
150911810,15.5572579,15.557257900000607
281372740,12.458878200000001,12.458878200000736
49201946,11.7101957,11.71019569999919
370696990,16.3921516,16.392151600000297
369360230,12.6364199,12.636419899999254
361230327,12.4423825,12.44238249999882
567521172,15.169297499999999,15.169297500000372
294708445,16.492105,16.49210499999955
817519502,11.8469976,11.8469975999999
395486764,11.2895981,11.289598099999791
309217246,17.5849974,17.584997399999835
789888734,16.3526044,16.352604400000843
342061856,10.8846331,10.884633099999254
802983488,13.843371000000001,13.843370999999266
716962864,18.5651838,18.565183800000526
141419338,13.0040346,13.004034600000077
796603481,18.306149599999998,18.30614960000075
542855652,17.4049965,17.404996499999722
232728304,11.1222169,11.122216899998824
585806735,13.6199124,13.619912399999546
400992076,10.9007296,10.900729600000014
611740759,16.255558,16.25555800000074
855939374,11.7612044,11.761204399999857
580138049,18.443438,18.44343799999986
616134970,18.3819138,18.381913799999737
250634662,11.3585514,11.358551399999335
708363124,13.003290100000001,13.003290100000285
705331876,14.3977743,14.397774299999828
150277316,14.732138500000001,14.732138500000662
412562070,15.486616,15.486616000000438
221297910,15.8486734,15.84867340000087
622186978,17.1967519,17.196751899999004
598205473,15.955874099999999,15.955874100000681
817582364,17.9076411,17.90764110000032
307851286,15.7585732,15.758573199999656
240149249,11.3693209,11.369320900000492
252815337,18.0867869,18.08678690000088
479023113,10.1320107,10.132010700000183
344392747,10.9346022,10.934602199999437
326373223,17.3679554,17.36795540000064
268627077,18.5763848,18.576384800000117
165910232,11.6292806,11.629280599999312
555993705,16.5237848,16.52378479999998
348833227,14.247558999999999,14.247559000000683
641643853,13.825778,13.82577799999967
325297089,12.4218577,12.42185769999944
103494193,11.1594333,11.159433300000074
311362608,16.6240464,16.62404640000073
326809767,16.509193500000002,16.509193500000464
704371116,18.144079599999998,18.144079599999877
130530520,12.4136428,12.413642800000002
739813812,12.1339881,12.13398810000001
252429675,17.6664927,17.666492699999182
690186400,14.8141046,14.814104599999254
68717911,14.4708444,14.470844400000725
160944720,15.155676,15.155676000000827
430422675,10.8780195,10.878019500000148
690107206,18.9959843,18.995984300000146
848066462,10.98987,10.989870000000225
592013683,16.1612908,16.161290800000547
16206798,18.627277999999997,18.627277999999976
610967876,13.8430872,13.843087200000195
506320224,14.3167101,14.316710099998932
115182096,10.0234811,10.023481099999675
32866220,17.1279029,17.127902899999885
350099127,15.230731500000001,15.230731499999628
312419753,17.5663571,17.56635709999988
256459946,11.9871995,11.987199499999923
672485123,14.191067,14.191067000000778
330038714,13.051974999999999,13.05197499999945
371891679,11.787348399999999,11.78734840000058
55089996,15.839788299999999,15.839788300000393
339575695,13.145777200000001,13.14577720000018
509974125,11.675955,11.675955000000542
484097596,13.0827928,13.082792799998797
768244120,15.7767005,15.776700500000286
318072354,10.1085899,10.10858989999996
24834476,11.7843968,11.78439680000073
793093104,17.9268377,17.92683769999951
703477795,14.1835737,14.183573700000297
388420755,12.8881527,12.888152699999935
60438693,10.8761317,10.876131699998972
441241976,11.1601879,11.160187900000183
260232952,11.058597,11.058597000000386
80101711,17.5886779,17.588677899999663
103248030,13.013209100000001,13.013209099999887
573424097,14.4049043,14.40490429999969
162899180,13.2222492,13.222249199999498
157322399,18.3238864,18.32388639999998
758694098,11.6936174,11.693617400000512
829561594,16.833259599999998,16.833259600001316
279197792,13.805908500000001,13.805908500000246
77180730,16.3657556,16.36575560000017
568626408,12.2634192,12.263419199999387
592688251,18.1084998,18.10849980000093
254941559,12.2112491,12.21124909999984
645079985,12.1652261,12.165226099999787
184690957,17.7261487,17.726148700000405
160858091,10.0758623,10.075862300000226
203730195,18.8983484,18.898348399999918
699968596,13.5917878,13.591787800000214
43550254,15.4210085,15.421008500000497
577314800,14.4804514,14.480451399999932
457849132,17.6042241,17.604224100001176
121041252,11.0822699,11.082269900000501
553723437,17.4759445,17.475944499999375
467169701,12.9814085,12.981408500000553
676948402,18.8611813,18.861181300000624
543625690,18.358233900000002,18.358233900000094
620524833,13.3580614,13.358061399999619
523479261,17.5704662,17.570466200000297
848179955,15.9587355,15.958735500001527
248325665,13.6050487,13.605048700000015
342735651,12.3018873,12.301887300000141
607808663,14.3794252,14.379425199999762
357869158,12.152741,12.152741000000573
317183910,15.723196399999999,15.72319640000042
749052521,14.0281483,14.028148299999149
548399080,10.5079497,10.507949699999822
199541650,11.6601437,11.660143700000035
764212553,13.792085,13.792085000000814
559350967,17.617846,17.61784600000008
460763675,13.4936437,13.493643699999977
369790538,17.7316564,17.73165640000009
13711190,11.6463097,11.646309699999264
386993081,17.5314387,17.531438700000447
425094869,15.0253369,15.025336899999889
487540783,14.495025,14.495024999999753
536978898,16.431051,16.431051000000082
602351377,11.5861714,11.586171400000422
833600564,17.778687400000003,17.77868739999965
766468646,13.4296262,13.42962620000085
59520733,16.0161704,16.01617040000049
851715133,16.280238,16.280237999999898
477235076,11.9697772,11.969777200000086
745328048,15.6111081,15.611108099999822
472225585,17.2186941,17.218694100000263
64840421,10.9581414,10.958141400000109
223013765,11.7522305,11.7522304999992
383695195,16.3335343,16.333534300000238
292547831,15.7634519,15.763451900000087
250880666,12.3391865,12.33918650000002
656789190,14.0292283,14.029228300000259
469555056,10.9580286,10.958028599999828
350365439,11.3484959,11.34849589999888
32993047,14.8739116,14.87391159999973
654215448,15.931784799999999,15.931784799999747
590744346,16.4823125,16.482312499999445
603897710,13.150264199999999,13.15026419999947
221695685,16.2208607,16.22086069999981
520047518,10.4877818,10.487781799999473
23227964,14.089253,14.089253000000094
743033165,14.5608465,14.560846500000153
612117078,14.2892788,14.289278799999213
468356249,14.425308300000001,14.425308299999472
221242798,16.0182411,16.018241099999834
368963722,14.493072699999999,14.493072699999392
204314471,12.6209877,12.620987699999176
249872119,14.2148529,14.214852899999988
543903784,14.4734873,14.473487300000007
746345897,15.9165149,15.916514899999894
833533838,12.997142499999999,12.997142499999413
279097683,13.0029308,13.002930800000211
223690559,15.300078500000001,15.30007850000018
324469795,16.1562202,16.15622019999999
82455217,15.818629099999999,15.818629099999379
279823872,11.5072755,11.507275499998698
437224434,13.411765800000001,13.411765799999598
651147644,13.4809468,13.480946800000693
799019571,10.1288484,10.128848399999724
215465512,12.779983,12.779982999999806
390064182,10.8429154,10.842915400000152
165587398,13.3537331,13.353733100000657
668686464,14.5614651,14.56146510000008
121148616,11.2043835,11.204383500000942
33702221,14.398655399999999,14.398655399999408
62164293,15.8212957,15.821295700000354
531212921,15.328126300000001,15.328126299998573
494853115,18.4759068,18.47590680000036
576183881,15.13494,15.134940000000434
757286130,18.7793283,18.77932830000086
387769370,15.4028427,15.40284270000018
520622928,16.3564531,16.356453099999246
725683738,17.7521156,17.752115600001023
206263352,13.0219647,13.021964700000389
801245277,12.3868446,12.386844600000325
388424918,18.0989053,18.098905300000474
584689777,14.459059400000001,14.459059400001031
236470314,18.524745199999998,18.52474519999997
536842059,12.0988662,12.098866199999597
212196861,16.986036900000002,16.986036900000226
91652108,18.322505200000002,18.322505200000087
446988196,16.4738403,16.47384029999964
563371547,17.8643669,17.864366900000604
149508941,10.3739582,10.373958199999224
654720558,10.640872,10.640871999998645
725401427,16.9847687,16.984768700000117
527137209,16.9187426,16.918742600000527
485740966,12.743322899999999,12.74332290000012
161729782,14.9449234,14.944923399999857
291171701,12.029078,12.029078000000178
683664663,15.4315476,15.431547600000775
348381623,11.0459128,11.045912800000455
677079273,17.7359053,17.73590529999956
209806751,16.5891628,16.589162799999617
541962557,11.4256876,11.425687599999614
650766473,16.0013751,16.001375099999898
142427774,13.5432037,13.543203699999625
787521616,18.397301499999998,18.397301500000644
512470358,10.3527568,10.352756799999973
40025960,12.7564062,12.756406199999718
500276804,17.935824,17.935823999999982
592627901,15.1006341,15.10063409999988
198700960,13.4094064,13.409406399999527
148104452,18.5516441,18.551644099999578
488598083,14.2125954,14.212595399999937
515010144,13.2506778,13.250677800000682
371025734,10.4325829,10.432582900000197
388710718,11.0473233,11.047323300000208
398792885,18.0033951,18.003395100001132
96186140,12.136760299999999,12.136760299999803
212054022,16.5130875,16.51308749999912
203029017,13.0098625,13.009862499999883
113316169,15.1926928,15.19269280000118
60706603,11.628863599999999,11.628863599998564
167971281,11.3847319,11.384731899999549
399451017,15.4855928,15.48559280000071
427798941,10.1918396,10.191839599999849
693360735,16.7335087,16.733508699999692
308101571,12.9896548,12.989654800000864
133999018,15.53937,15.539369999999616
790459478,17.8693059,17.869305900000064
537991758,14.165575,14.165575000000619
174959163,10.6536877,10.653687699999582
203982148,16.0060541,16.006054100000707
668794168,14.7221217,14.722121700000427
404250110,15.493565199999999,15.493565200000358
820503156,17.2331268,17.233126800000125
273144974,10.3158587,10.315858699999719
295085831,18.5913538,18.591353800000462
254420463,18.696566400000002,18.69656639999927
351992386,17.413299199999997,17.41329920000091
726425426,17.2275741,17.227574099999824
183960630,15.103169999999999,15.103169999999231
67789512,18.9259554,18.925955400000287
18839663,17.548091,17.548091000000014
406674576,13.8460953,13.846095300000297
450735631,14.854440199999999,14.854440199999932
790656745,17.8504938,17.850493800001093
91440956,10.0441103,10.04411030000065
356467077,17.9946999,17.99469989999993
610498424,15.3992217,15.399221700000052
843969016,12.6213969,12.621396899999874
35162349,18.6006142,18.600614199999242
229788520,15.1171238,15.117123800000233
594030395,12.3182209,12.318220900000645
781643787,16.973801299999998,16.97380130000017
43434918,17.2512077,17.25120770000079
809825452,17.5408228,17.54082280000013
707355298,10.0015363,10.001536299999684
301778113,15.9985685,15.998568499999651
816289171,15.466701,15.466701000000619
805898637,18.7408644,18.74086440000037
478288923,18.1375552,18.13755519999951
304990689,17.5695892,17.56958920000007
64308225,11.5209893,11.520989299999375
260859089,15.8353502,15.835350200000027
326660363,13.5456169,13.545616900000205
227530813,15.3105242,15.31052420000135
46493459,13.3777915,13.377791500000582
575488134,10.9351051,10.935105100000099
675516090,11.8587384,11.858738399999107
524212047,18.2915779,18.291577900000206
526581423,12.4139966,12.413996599999596
623836435,13.191570800000001,13.191570799999553
226372914,18.3205747,18.32057469999979
204852559,16.9613963,16.961396299999098
788791593,10.1400139,10.140013899999936
698126782,16.7151287,16.71512870000127
38499737,17.1921156,17.19211559999927
211288877,12.5765679,12.576567900000502
271936836,17.9526425,17.952642499999584
253150412,13.8869273,13.886927299999789
404273426,17.5994384,17.59943840000028
371054961,15.7802861,15.780286099999337
57450402,16.6454238,16.64542380000064
515885357,17.704191899999998,17.704191900000865
398430225,14.5840638,14.584063799999075
53451152,18.2347094,18.23470940000088
185919443,16.7181653,16.718165300000727
121487547,15.3849801,15.384980100000199
371470551,16.1759688,16.175968800000103
696118132,12.7020923,12.702092300000373
852803666,10.3358422,10.335842200000513
748009512,18.8453814,18.845381400000836
245693891,10.0761079,10.076107899999572
108202944,12.057176,12.05717599999969
328808094,13.466573799999999,13.466573800000285
328532480,14.619353100000001,14.619353099999966
645399027,15.5447719,15.54477190000121
703179866,18.9558489,18.95584890000003
727287913,18.828191500000003,18.82819150000052
325134873,10.0613356,10.061335599999566
423582947,11.4186062,11.418606200000431
207359429,16.4180348,16.418034800000527
496943301,14.207473499999999,14.20747349999876
101914498,15.863855000000001,15.863854999999585
821767302,12.0962409,12.096240899999287
132806230,18.700533200000002,18.700533199999285
537385629,13.8293119,13.829311900000297
849118037,16.265481700000002,16.26548170000008
359098676,11.2875013,11.287501299999146
507629689,14.0061632,14.006163199999982
566322209,14.1805996,14.18059959999987
717586785,15.1333758,15.133375799999289
589469265,15.1270281,15.127028099999961
385470701,12.578111,12.578110999999605
806653909,14.9167865,14.916786500001217
131911515,15.827343299999999,15.827343299999985
203259024,17.9190692,17.91906919999975
177906558,16.2614408,16.261440799999676
502249825,16.6096927,16.60969269999905
278694763,13.2525798,13.252579799999001
435327529,17.8310507,17.831050700000592
384293538,18.4753373,18.475337300000817
149249294,14.1377515,14.137751500000006
73234917,16.2400143,16.240014300000794
238238984,13.2359764,13.235976399998622
149533273,14.4847712,14.48477119999972
621692422,18.846927700000002,18.846927700000336
199761285,12.6435005,12.643500500000249
839532524,12.7571993,12.757199299999797
735445327,10.5961832,10.596183199999219
204199219,16.2934539,16.293453900000408
468877600,17.7939467,17.79394670000047
845259150,15.6597293,15.659729299999364
329201590,13.6627192,13.6627191999996
337759134,13.408301100000001,13.408301099999303
208510651,11.1204688,11.120468799998887
366917460,18.7710822,18.77108219999992
191181315,11.7059398,11.70593979999907
318526162,10.4823434,10.482343400000518
454942710,11.7617292,11.76172919999909
747099540,15.5589522,15.558952199999256
153784983,17.7503517,17.750351699999822
360909684,12.7836636,12.78366360000001
242416041,12.2016025,12.201602500000156
705104941,13.3468552,13.346855199999766
61356748,14.6657078,14.66570779999979
685521071,18.563298500000002,18.56329849999966
350888890,14.4630492,14.463049199999134
158166397,17.049984199999997,17.049984199999297
35656353,17.908731099999997,17.90873110000015
826633318,18.1002679,18.100267900000507
384427917,14.6700065,14.670006500000266
217457952,11.9650189,11.965018900000212
372964238,16.4192831,16.419283099999657
548025357,15.799914300000001,15.799914300000761
301896005,17.6848271,17.684827100000888
285618277,16.6686526,16.668652600000097
571301249,18.2761066,18.27610659999946
703751988,12.8450954,12.845095400000199
437664889,13.5115302,13.511530199999575
818481105,11.9393924,11.939392400000195
223092284,13.2049635,13.204963500000073
270037475,18.2711865,18.271186499999935
52045611,18.948557700000002,18.948557700000933
748882118,14.2974636,14.297463599999883
305005278,14.406804000000001,14.406804000000086
537145481,11.8992428,11.899242799999318
438748310,13.6254814,13.625481399999103
304249239,16.2521496,16.252149599999797
368550547,12.9274271,12.927427099999566
728327468,14.4566752,14.4566751999996
348947346,13.5514919,13.551491899999947
204208100,15.2500269,15.250026899999474
677764992,13.093734,13.093734000001087
801052167,17.3450847,17.34508470000042
738522193,12.0558194,12.05581939999884
430958652,13.9888064,13.988806399999833
136002756,13.5575846,13.55758459999986
278050344,12.9932448,12.993244799999944
658548831,12.5688128,12.568812799999433
781250676,13.4390564,13.439056399999878
271208948,14.718097100000001,14.718097099999564
573870601,10.0727697,10.07276969999903
844137916,17.0934681,17.093468100000102
549069054,17.7687897,17.76878970000142
676178603,17.5298851,17.529885100000143
644576904,11.202729999999999,11.202730000000424
514650710,16.372087399999998,16.372087399999913
765881024,15.1535536,15.153553599999904
146232884,10.8554953,10.855495299999793
299276481,13.0943675,13.094367499999628
193595308,13.7689424,13.76894239999982
681738196,14.6433709,14.643370899999027
91550614,18.241804199999997,18.24180420000024
143909726,15.856584900000001,15.856584900000138
629283843,14.823721599999999,14.823721600001292
441254258,12.350008899999999,12.350008899999011
175427547,12.8969326,12.896932599999662
810209176,18.79209,18.792090000000783
841669764,18.759432500000003,18.759432499999473
200006098,16.0384222,16.03842219999983
471016811,12.498735700000001,12.498735700000047
184518526,18.007234099999998,18.007234100000797
345126472,17.2822475,17.282247500001183
79165792,17.4074157,17.40741570000005
134789236,16.0943282,16.094328199999588
437460010,15.305354699999999,15.305354700000056
333205013,15.1485904,15.148590400000131
662870173,12.5150781,12.515078100000055
819624459,17.0547247,17.054724700000378
306638342,10.4856822,10.485682199999806
337122069,11.9540241,11.954024099999442
517764946,14.7747354,14.774735400000218
736919611,18.9813528,18.98135280000033
395221435,17.8652573,17.865257300000238
793118947,15.366518,15.366518000000685
212013462,11.940504,11.940504000000157
99900950,14.636586000000001,14.636585999999998
144136118,18.4498658,18.449865799999046
366048928,16.0992767,16.09927670000028
535890935,16.153761199999998,16.1537611999999
613072656,12.5792697,12.579269700000241
798351516,12.1003063,12.10030630000012
541586894,12.7411783,12.741178299999971
754277433,16.9192746,16.919274599999838
415070714,18.7257377,18.72573770000067
556890351,13.1748506,13.174850600000605
557610783,17.1840592,17.1840591999992
147988897,15.382214900000001,15.3822149000002
185159753,11.4465213,11.446521300000017
598775367,10.6251948,10.62519480000028
56731956,16.565013399999998,16.565013400000165
125300412,15.4966978,15.496697799999787
836953051,11.5314765,11.531476500000315
744699745,16.8126088,16.81260879999938
783131310,18.510556,18.51055600000031
646321237,12.971447,12.971446999999761
599870073,12.104706199999999,12.104706199999367
273270159,15.913825,15.913824999999393
229481390,11.4056563,11.405656299998586
419001546,15.710429300000001,15.710429299998943
829527926,12.8818305,12.881830500000682
380154364,11.1503634,11.150363400000103
289225892,18.5411547,18.541154700000288
63638863,14.4139211,14.413921100000312
812843552,11.1410611,11.141061099999373
305858294,16.6466433,16.646643300001756
250857168,12.672736,12.672736000000947
654609069,11.6640399,11.664039899999867
233275788,14.5207383,14.520738299999632
729211658,17.0615783,17.061578299999972
449704263,18.8056015,18.805601499999124
75163804,12.2226333,12.222633299998826
344317849,17.3835232,17.383523200000077
165427978,14.8778788,14.877878799999916
576519223,18.6363253,18.636325300000575
347538921,10.5928438,10.59284379999938
135805694,11.8041923,11.804192299999727
560039288,16.280877699999998,16.280877700000495
298489044,15.0709602,15.070960200000187
726982512,15.8204611,15.820461099999907
838421917,17.5589882,17.558988200000375
174070219,15.7722366,15.772236599999069
494745045,15.8476172,15.847617200000055
514241350,18.913252,18.91325200000111
853553213,14.5863607,14.5863606999995
386776234,17.5829095,17.582909499999346
515472465,11.9322444,11.932244399999616
380748435,17.515062,17.51506199999995
411606270,10.6964905,10.696490499999591
566944826,13.090434,13.090434000000776
596223769,18.0329263,18.03292630000044
766289019,18.504474899999998,18.504474899999895
47709787,17.029096799999998,17.02909679999965
297433072,15.0950114,15.095011400000384
717785853,16.3454434,16.34544339999983
207827655,13.6143035,13.614303499999302
532287579,18.393448,18.393448000000465
306292839,17.6390923,17.639092300000623
723131892,18.6365271,18.636527099999896
155330899,15.5835697,15.583569699998785
541836907,12.284104899999999,12.28410489999913
436845829,14.1090998,14.10909979999901
384166536,18.9527815,18.95278150000066
268701448,10.0548598,10.054859799999088
385219907,15.312721100000001,15.312721099999585
19383173,15.5628072,15.562807200000979
556068384,10.1413314,10.141331399998716
696889499,17.5849495,17.584949500000477
205873823,11.4773584,11.477358399999712
534747600,10.270564,10.27056399999933
682403288,13.0360281,13.036028099999921
261508137,17.8041479,17.804147900001
276916141,14.3444509,14.344450899999707
298106995,17.1012159,17.101215900000128
134189459,16.0028463,16.002846299999124
313101715,18.9977746,18.99777459999975
473566681,18.1743449,18.174344900000214
19571022,15.4472265,15.447226500000319
770481209,13.7483877,13.748387699999924
267939654,16.8517917,16.8517916999992
520369484,10.2482162,10.248216199998858
77934115,15.9955933,15.995593299999786
487324249,10.6062213,10.606221299998888
317538197,17.1802642,17.1802641999998
24555431,14.4750878,14.475087799999747
43256564,10.8368256,10.836825599999862
263937610,10.857387899999999,10.857387900000106
590393361,10.2169899,10.216989899999676
661872326,13.5443453,13.544345299999465
97858496,16.952421700000002,16.952421699999796
383653865,13.028194899999999,13.028194900000058
155120642,17.210344,17.21034399999978
334838089,10.0016837,10.001683699999385
778257030,12.9644897,12.964489699999993
384881584,11.4736543,11.47365429999962
215026797,11.7314855,11.731485499999685
448153671,16.3245812,16.324581200000598
751429263,15.4861653,15.486165299999154
393553700,11.7804509,11.780450900000648
258113558,11.5886869,11.588686899999752
264956080,12.6998269,12.69982690000003
331427567,13.8116,13.811600000000606
485162344,17.060557000000003,17.060557000000035
690105244,12.1641406,12.164140599999739
227764526,12.149590100000001,12.149590099999747
243148596,17.1611511,17.16115110000039
106483713,15.251756199999999,15.251756200000257
394484332,13.2285594,13.228559399999675
88244362,13.8360686,13.836068599999146
67180382,13.1342469,13.13424690000019
527072520,16.4456565,16.445656500000382
316475681,14.0575828,14.057582800000272
496335094,11.7395706,11.739570599999618
792655803,18.3700693,18.370069300000296
832508902,10.6660647,10.666064699999342
819961246,17.0910392,17.09103920000042
253644863,17.7216991,17.721699100000123
190206040,16.5756113,16.575611300000183
794217259,14.677292999999999,14.677293000000503
418555365,13.821418,13.821417999999866
334991683,16.6495104,16.64951040000009
528378636,12.2714606,12.271460600000596
301281177,18.817294699999998,18.81729469999961
448005310,11.9124592,11.912459199999548
565642648,18.514906,18.51490599999993
561880236,12.1742719,12.174271899998853
12121542,14.0472982,14.047298200000071
434131220,15.0225749,15.022574899999544
301439284,18.233943,18.233942999999947
53569003,15.1755736,15.175573600000195
741020041,10.2276538,10.227653800000375
374032230,16.1074844,16.10748440000073
302741087,15.418797099999999,15.418797100000095
240865223,10.4262212,10.426221199998857
472743961,18.297229100000003,18.29722909999993
311456593,13.8403043,13.840304299999557
310909874,10.3181864,10.31818639999975
303868248,11.4105922,11.410592199999803
116874762,18.7230894,18.723089400000433
781566991,17.822218,17.822217999999786
143728558,14.786190900000001,14.786190899999955
53738630,18.433844,18.433843999999958
392916730,10.3582949,10.358294899999908
30249773,13.2024605,13.202460499999315
483906902,13.8394783,13.839478300000032
835657141,16.2572,16.25719999999887
377618700,16.521060900000002,16.521060900000663
739019500,16.4245705,16.42457050000044
254465731,11.226781,11.226780999999589
408161275,15.3815761,15.38157610000032
41494616,15.8588549,15.858854899999374
370126086,16.2913249,16.291324899999648
574478020,16.0430084,16.043008400000055
108145791,12.6043515,12.604351499999996
628198883,14.0123463,14.012346299999818
611637089,18.1164726,18.11647260000003
401494067,12.7279553,12.72795529999986
824866775,12.7729697,12.772969699999223
348142353,14.8167106,14.816710600000745
710541755,12.3264255,12.326425499999829
731830414,13.4365712,13.436571200000488
295085535,16.0781016,16.078101600000792
532943874,13.4370432,13.437043199999618
700567042,18.9482392,18.948239199999836
398983345,13.3061548,13.306154799999208
198761131,14.8319045,14.83190449999988
587940943,13.2299869,13.229986900000497
24706379,16.6285647,16.628564699999696
646999113,14.229462,14.229461999999536
432388523,18.1864341,18.18643409999989
142665307,15.046577599999999,15.04657760000051
160111669,17.5154137,17.515413699999513
176220639,12.7510077,12.751007700000397
261963024,14.314114199999999,14.314114200000613
700570853,13.9517102,13.951710199999962
95765142,12.3347184,12.334718399999403
200345279,17.9904755,17.99047549999998
623157966,14.7236108,14.723610800000452
700609704,11.4741813,11.474181299998598
420807210,14.8740651,14.874065100000081
562374885,14.0987451,14.09874509999981
728847357,10.7396374,10.73963739999875
157984691,13.0573368,13.057336800000341
458769152,12.8674135,12.867413499999078
697921876,13.5679658,13.56796579999957
59338989,18.338282399999997,18.33828239999993
791659893,18.01068,18.01068000000025
853146451,12.3306507,12.330650699999953
95947848,13.5948869,13.59488690000007
757978863,11.3667566,11.366756600000038
346332624,12.3479702,12.347970200000836
791909133,10.8944021,10.894402100001425
742612223,11.1009095,11.100909499999242
101625486,12.61393,12.613929999999982
845707291,18.8416031,18.84160310000042
191131148,10.1551525,10.15515250000016
524054351,11.8358718,11.83587179999985
646994430,16.8130014,16.813001399999457
275994563,13.5884968,13.588496800000122
152603380,14.4076638,14.407663800000286
681986882,14.4813329,14.481332899999998
677784235,10.9673122,10.96731219999958
20057905,18.9403509,18.940350899999682
476124835,15.844332999999999,15.844333000000624
24040813,13.1475286,13.147528600000498
358844919,13.2272547,13.227254699999268
534182692,17.6644633,17.66446330000073
498563318,14.0935118,14.093511799998568
732315554,16.3598627,16.35986270000018
115446336,10.0150254,10.015025399998613
462003578,11.2526279,11.252627899999743
854654455,14.2942427,14.294242700000614
310454117,18.411675799999998,18.411675800000747
848813463,13.8957163,13.895716299999577
255025346,16.7098602,16.70986019999972
270053945,12.8311372,12.831137199999873
303001993,13.6992387,13.699238699999592
222195205,16.3719806,16.371980599999926
141125517,16.4149864,16.41498640000042
620765079,10.2838548,10.283854799998949
420116759,13.8760859,13.876085899999834
578852350,18.293771,18.293770999999964
142387242,15.9336527,15.933652699999568
611601041,14.6672804,14.66728039999965
47897110,14.487845100000001,14.48784509999944
265006517,12.9900789,12.990078900000679
79430920,13.0488306,13.048830599999135
183617085,10.4268308,10.426830799998697
646295130,13.7837126,13.783712600000532
296492413,16.6414834,16.641483399998783
511450188,14.0361328,14.036132800000242
292159944,17.657781800000002,17.657781799999515
820063631,10.1261796,10.126179599999524
435833419,17.2767002,17.276700200000363
622719843,12.2154878,12.215487800000169
714790942,14.469622000000001,14.469622000000562
738177863,13.516297699999999,13.516297699999612
27899590,11.411650999999999,11.411650999999853
110652170,10.8658607,10.865860699999825
725899369,10.5723009,10.572300900000894
61113642,10.8872266,10.887226600000025
363617740,11.5713308,11.57133079999923
752360214,15.57812,15.578119999999085
11301380,15.6646357,15.664635700000009
509051794,11.5207296,11.520729599999846
674586059,15.612048099999999,15.612048100000166
823075203,10.0262538,10.026253799999429
19374508,18.7554628,18.755462799999826
344377947,14.9263125,14.926312500000115
479142697,12.6564511,12.656451100000156
654160328,14.891207099999999,14.89120709999942
409503044,12.4141467,12.414146700000664
429863817,12.7243582,12.724358200000601
207971374,10.0442089,10.044208899999404
225310470,14.4510219,14.451021900000836
357212168,10.3667735,10.36677349999929
430179412,14.6099595,14.609959500000102
212618808,12.5472649,12.547264900000117
436936921,17.089297000000002,17.089296999999426
123741769,12.591473,12.591472999999521
282793830,12.6030497,12.603049700000312
252403588,10.1485252,10.14852520000043
833462783,15.307047,15.307046999999972
261745585,16.2465528,16.246552800000657
794001376,10.4747304,10.47473039999971
443364454,11.9777951,11.977795099999598
486453698,11.5559824,11.555982400000406
529422736,17.700240899999997,17.700240899999013
701417276,16.7182706,16.71827059999972
840712573,14.9999179,14.999917900000547
593799800,13.4040791,13.404079099999528
565405637,18.6747365,18.674736499999508
356172968,17.5459233,17.54592329999947
351678476,12.638425,12.638424999999945
798510332,18.4575599,18.457559900000515
345633221,13.801203300000001,13.80120329999887
760769560,12.944004,12.944003999999772
341073359,10.0744101,10.074410099999406
626883738,13.8838254,13.883825399999656
42634698,18.367174,18.36717399999999
84564658,18.0977562,18.097756200000564
530588715,13.6886773,13.688677300000466
622175297,14.6553638,14.655363800000107
495764145,15.5266175,15.526617499999382
637005837,17.4818294,17.481829400000652
152715034,12.060575799999999,12.060575800000958
379823065,16.484017899999998,16.48401789999957
778343141,18.0098775,18.009877499999888
627261941,16.1693793,16.169379299999626
567949583,14.68669,14.686689999999818
377629896,12.2611636,12.261163599999637
590104737,17.3277404,17.32774040000021
734954564,14.8375594,14.837559400000377
637387515,13.7346288,13.734628800000463
204423861,18.7726276,18.772627600000785
352535383,12.7545888,12.754588799999205
545203910,14.895875799999999,14.8958757999998
662853428,17.6201502,17.620150200000626
254538570,11.2808183,11.2808183000004
235073052,17.665657,17.66565700000029
231875518,17.975942,17.975941999999453
798002387,16.8695582,16.869558200000313
290628361,18.4534342,18.453434200000245
461700185,12.128865,12.128864999999614
799088010,17.5427188,17.542718800000515
389608791,17.0026101,17.00261009999964
550102804,15.658903200000001,15.658903200000385
471653292,11.338848,11.338847999998954
655580079,13.638563999999999,13.638563999999203
678098613,14.7683196,14.768319599999467
499463160,17.352195899999998,17.35219590000051
104759692,17.0959915,17.095991500000128
122563439,17.9900445,17.990044499999616
747388227,11.7942546,11.794254600000077
36678892,16.9336162,16.933616200000426
504179696,12.477979300000001,12.477979299999605
798586279,16.3788465,16.37884649999999
72495376,13.0214854,13.021485400000273
615939895,18.4555652,18.455565200000706
56689089,17.6349454,17.63494540000088
403051268,17.1075458,17.107545799999922
98214207,17.9611725,17.96117249999937
127164017,10.2050498,10.205049799999301
19737323,10.8215821,10.821582099999702
166289790,12.3328621,12.332862099999783
748542430,12.9343782,12.934378199999996
482642821,10.6439877,10.6439876999999
115479833,14.926335,14.926334999999941
409434855,12.0431486,12.043148600000144
545993977,11.4866527,11.486652699999093
348925737,17.7301908,17.73019080000047
575849416,15.8713455,15.871345500000297
166734014,12.2814276,12.281427600000502
812848366,18.0142923,18.01429230000008
466407521,10.847408099999999,10.847408099999802
296866232,15.600684600000001,15.600684599999592
95830005,11.9411576,11.941157600000047
261955174,15.5612769,15.561276900000763
223009009,18.8896058,18.889605799999767
716355810,18.512946200000002,18.51294619999964
699234198,12.8901676,12.890167600000142
691816348,11.2809197,11.280919700000577
302694449,12.7054736,12.705473599999348
291765827,12.9681842,12.968184199999033
414198800,13.9408571,13.940857100000436
155061748,10.4644218,10.464421800000332
196450347,16.0950596,16.09505960000101
680321941,10.6829142,10.682914199999503
567915295,17.3674532,17.367453200000305
534335736,13.348529,13.348529000000124
773622575,14.362763000000001,14.362763000000044
327737356,10.3218271,10.321827099999064
307526800,14.9884758,14.98847580000055
192045662,10.9229111,10.922911099999439
317602958,11.9434924,11.943492400000103
35083941,15.310887000000001,15.310886999999816
365831206,18.5529133,18.552913299999332
310628589,13.9609367,13.9609366999996
69314515,14.925357,14.925357000000446
118697206,15.904605,15.904605000000181
516234496,18.4154391,18.41543909999972
406933725,12.4888464,12.48884640000008
163798894,16.1576156,16.15761559999966
278739027,10.0712017,10.071201700000744
23967037,17.9873065,17.987306500000035
366997097,10.8497516,10.849751599999635
803481385,14.6712347,14.67123470000029
631311443,14.753635599999999,14.753635600000447
457878952,14.832203100000001,14.832203100000065
53452204,15.4936397,15.493639699999436
383894385,13.3763842,13.376384199999844
478447384,14.649572,14.64957199999978
460357942,18.1914084,18.19140840000021
300781033,18.873955799999997,18.87395579999982
247972874,11.6202147,11.620214699999606
624381016,12.1361544,12.136154399999384
751567642,12.1468192,12.146819199999838
432815506,14.070320599999999,14.070320600000166
254003930,14.160067,14.160067000000195
588857093,17.3827848,17.382784800000696
11953767,16.7959107,16.79591070000058
815076446,11.1301244,11.130124399999671
413343611,16.8974121,16.89741210000075
303843397,11.269853,11.26985299999967
256318211,18.7169504,18.716950400000435
347708207,14.8250185,14.825018499999699
110433856,12.0533014,12.053301399999347
775841303,16.048553599999998,16.048553600000638
453928147,11.5849455,11.584945499998595
435759378,12.1591512,12.159151199999382
47882858,11.6651978,11.665197799999861
16721561,16.2601813,16.260181300000276
790048436,12.2666759,12.266675900000418
700614658,18.1619187,18.16191870000057
776743455,11.4790723,11.479072299999268
116566228,16.2556747,16.255674700001382
738274603,18.632162100000002,18.632162100000038
382012780,16.045679,16.045679000000458
612605100,18.0096551,18.009655100000067
100579663,15.9816356,15.981635599999763
781689607,18.3145238,18.31452379999969
697782893,14.7187016,14.718701599999658
129157983,11.2950872,11.295087199999346
328690040,10.0633848,10.06338479999992
595747045,16.8119689,16.811968900000096
596252110,18.6740847,18.67408469999981
490578848,11.2265673,11.226567299998887
166607519,16.8821573,16.88215729999959
175187139,17.7251777,17.72517769999967
668710552,16.8911152,16.891115200000165
542598074,16.4312325,16.43123249999886
534231136,18.5130574,18.513057400000527
401827556,12.9349271,12.934927099999847
455673307,14.048824,14.048823999999318
659113969,18.057425000000002,18.057424999999576
210158033,14.4144845,14.414484500000011
429701538,15.053915,15.053915000000048
61777394,17.4460116,17.44601160000003
158796667,10.6980055,10.69800550000039
491447377,17.6026258,17.602625799999487
766027466,16.0398788,16.03987879999878
639960693,14.172724299999999,14.172724300000015
693442954,17.7796078,17.779607800000452
251874828,16.9125977,16.912597699999093
68201270,12.4840194,12.48401940000079
49171068,10.2612818,10.261281799997784
594922180,14.3129588,14.31295880000079
820364031,18.7352478,18.735247800000984
414764457,14.1793047,14.179304700000298
58944351,17.6296436,17.629643600000183
513012516,10.4209623,10.42096229999958
299645158,15.9779807,15.977980699999563
282491108,12.5331168,12.533116800000547
785900549,13.5172378,13.517237800000263
541716652,11.4024303,11.402430299999589
524565927,11.5245171,11.524517099999338
66672652,10.4219079,10.421907899998512
628893070,13.8553402,13.855340200000864
12966404,10.4293832,10.429383199999313
74441513,11.5220628,11.5220627999997
225858865,10.6798511,10.67985109999898
702860361,15.8059046,15.805904600000034
460169284,11.4092411,11.409241100000092
708247796,18.264448899999998,18.26444889999937
784624727,11.8630935,11.86309350000007
114418176,13.0129916,13.012991599999843
538774971,13.6876034,13.687603399999652
210911861,11.1979884,11.197988400000115
533029152,16.1527484,16.152748399999812
96590378,15.5972129,15.597212900000201
106962142,15.462114199999998,15.462114200000112
476293280,13.776826199999999,13.776826200000825
75445368,14.9902584,14.990258400000279
802089840,15.800201600000001,15.8002015999999
732314629,10.006932,10.006932000000191
118577474,10.3932538,10.393253799999506
67059503,12.7342073,12.734207300000383
485957383,11.4787978,11.478797800000306
655055561,14.7745989,14.774598900001047
820981880,11.4943342,11.49433419999891
619568485,10.0036711,10.003671099999792
323964031,14.2963109,14.29631090000073
598119778,17.3178627,17.317862699999868
274985524,13.0897399,13.089739899999982
299261149,11.4796622,11.479662200001055
274123171,14.043417,14.043416999999732
327419685,18.2618686,18.261868600000728
799112178,17.628964500000002,17.62896450000089
323300686,12.487968500000001,12.48796850000004
726848605,16.8345863,16.834586299999447
824805791,11.1179422,11.117942200000066
512389512,14.1679333,14.167933300000609
469016711,14.838122,14.83812199999954
408232797,13.0596044,13.059604400000245
201886221,14.3328364,14.332836400000499
842719356,10.1397185,10.139718500000127
21808260,12.0032931,12.003293099999773
224028326,13.5119123,13.511912300000057
174983810,16.6357575,16.63575749999952
82588612,12.800785000000001,12.80078500000053
452965070,10.8836647,10.88366469999999
209764640,13.6554038,13.655403800000155
461818068,15.3276957,15.327695700000286
134543074,13.3529903,13.352990300000933
585334973,15.3417416,15.341741600000457
290557531,18.0088558,18.008855800000866
233557897,13.0568969,13.056896899999579
216116375,18.5154099,18.515409900000712
581675211,17.941771199999998,17.941771200000456
180903976,11.1197366,11.1197365999989
214150404,13.7549443,13.75494430000002
117463701,14.1424146,14.142414600000091
770844509,14.4260942,14.426094199999786
129483578,17.6768286,17.676828600000363
743393086,10.9320015,10.932001499999807
838474154,13.0240989,13.024098900000372
812328532,16.3049734,16.30497339999981
214599477,13.9316145,13.931614499999196
418855795,11.9437752,11.94377520000026
172460347,16.7067543,16.70675429999975
184394180,17.583326200000002,17.583326199999583
443342810,12.1647851,12.164785099998792
345321082,16.5465621,16.54656209999954
226701096,16.4300825,16.430082500000033
389405790,16.9088457,16.908845699998825
91141685,12.9654107,12.965410700000495
637003194,14.4498064,14.449806399999817
781647226,13.8665372,13.866537199999684
826184760,13.766926,13.766926000000447
387146840,13.2934708,13.29347080000001
328074169,15.7105043,15.710504299999986
510124178,17.9948273,17.99482729999959
98303856,11.2823402,11.282340200000109
135810842,10.0999283,10.099928299999569
519822240,15.925511,15.925510999999169
835059647,11.2477066,11.247706600000695
120977185,13.2105772,13.210577199999957
383316799,16.8931711,16.89317109999996
452526512,15.1064762,15.106476200000028
508493218,13.1729405,13.172940500000088
340708575,17.3335527,17.333552700000332
564278080,11.776598,11.776597999999947
548450506,16.4443445,16.44434449999966
550611583,18.1299954,18.129995400000173
653608183,15.4402817,15.44028170000048
180930928,12.5909672,12.590967200000053
590074339,14.239209299999999,14.239209300000324
747323886,13.3458792,13.345879199999931
386044398,13.1779277,13.177927699999614
430979910,12.460813,12.46081300000047
36624286,14.7111143,14.711114300001096
843979114,18.069211699999997,18.06921170000073
105592587,14.362852799999999,14.362852799998983
468836601,12.6286832,12.62868319999973
204844147,10.4964765,10.496476499999764
341936598,15.4191842,15.419184200000462
12313243,13.655992999999999,13.655992999999768
818115742,11.0237334,11.023733399999376
779402383,16.5706355,16.57063550000119
75037991,12.4436867,12.443686699999953
87514655,18.7103991,18.71039910000062
425375508,18.204492000000002,18.20449199999956
13492658,15.1388647,15.138864699999926
598754573,12.9979059,12.99790589999997
317012411,17.086278399999998,17.086278399999877
759415372,13.3500953,13.35009530000005
790805494,18.640905500000002,18.640905500000287
449678166,11.155630500000001,11.155630499999916
314918343,18.4481599,18.44815990000005
143739052,10.5453078,10.545307800000321
482849654,11.1728693,11.172869299999224
702603338,15.4794671,15.479467100000766
154794595,16.366895,16.366894999999598
821952899,11.7438615,11.74386149999938
128129242,10.3038584,10.30385839999872
149344171,11.507791600000001,11.507791599999079
628968292,15.2317611,15.231761100000192
460629613,17.3324071,17.332407099999337
754665792,13.4482204,13.448220399999949
578636287,12.8685293,12.868529299999796
414287155,13.8547166,13.854716600000074
807803747,13.3212972,13.321297199999949
764837912,14.591918,14.591918000001545
509064519,10.5607862,10.560786199999784
50311803,10.4975764,10.49757639999907
588677360,10.5965766,10.596576599999926
391636443,11.6873618,11.687361799998765
15793616,13.1495057,13.149505699999217
444932212,16.1522559,16.152255900000412
103696592,16.413618800000002,16.41361880000044
41443773,18.8479264,18.847926399999825
437091991,17.6550079,17.6550079
570042147,14.01098,14.010979999999458
163984485,17.8956971,17.89569709999933
360336934,13.0867156,13.086715600001119
641270165,13.4040317,13.40403169999921
457453222,18.8630253,18.863025300000345
804722639,16.824265699999998,16.824265700000225
564948998,15.6408548,15.640854799998863
476241524,14.6021775,14.60217749999898
161381903,15.011690399999999,15.01169040000121
836636373,14.3669914,14.366991400000071
123731830,13.6585816,13.658581600000083
525714554,13.468657199999999,13.468657200000766
520106756,11.6325952,11.632595200000472
744113927,12.6123497,12.612349699999502
104128753,12.6141471,12.61414710000106
694272784,18.1003551,18.10035509999997
765741216,18.6625549,18.66255490000067
421418529,17.9893622,17.989362199999896
107407387,17.153129399999997,17.153129399999894
760704255,13.0494752,13.049475199999765
833364548,15.0149956,15.014995600000761
427202392,11.7613527,11.761352699999666
463324944,16.2268291,16.22682909999952
604006098,13.307681299999999,13.307681300000596
399260318,12.0135337,12.013533699999256
152302912,14.226856,14.226855999999314
61535763,11.6503896,11.650389599999718
108195078,13.1818216,13.181821600000164
263153314,10.8340974,10.834097400000351
48189834,16.9564282,16.956428199999962
45471969,14.235361900000001,14.235361899999397
323588780,11.3549643,11.35496430000019
141782495,10.8936271,10.893627099999906
455235792,17.362515000000002,17.36251500000024
669236687,14.604941199999999,14.60494120000055
767681476,18.1133875,18.113387500000584
121295637,17.7321511,17.732151100000202
308819666,13.996932300000001,13.99693229999976
77190596,13.6409027,13.640902699999788
277732464,13.9407008,13.940700799999341
148974044,14.0463638,14.046363800000016
250421364,16.2353248,16.23532479999964
738048996,11.4775644,11.477564399999958
514441151,15.7353041,15.735304100000016
627644123,15.4501504,15.450150399999703
179207323,15.196624700000001,15.196624700000871
648275275,10.6016294,10.601629399999743
682984326,11.9509803,11.95098029999853
762707686,12.494742200000001,12.494742199999115
550185027,13.647511699999999,13.647511699999995
847470509,11.3820804,11.382080400000751
574335995,15.247417500000001,15.247417500000452
449453416,10.2862231,10.28622310000006
257031705,16.3501002,16.35010020000017
465030772,18.8208485,18.82084850000097
629214028,14.2051695,14.205169499999833
305938873,16.1576407,16.15764070000024
162925772,11.7573717,11.757371699999405
507879035,11.1227087,11.122708699999523
302424909,13.0834371,13.083437099999518
452247741,13.0109824,13.010982399999552
713181627,15.691787699999999,15.69178769999954
306219428,17.0233776,17.0233775999995
317087201,11.1206257,11.120625700000199
703191227,12.944617000000001,12.944616999999639
682221653,12.3616146,12.361614599999623
644558231,12.1904651,12.190465099999578
472697356,14.903203999999999,14.903203999999144
250974462,15.2223689,15.222368899999696
332312280,10.6723474,10.67234739999964
309541278,16.633631299999998,16.633631300000754
281041429,14.974379200000001,14.974379199999586
597999882,12.6123768,12.612376800000003
131058888,18.5387046,18.53870459999986
211662241,17.6707661,17.670766100000296
287067246,11.976658,11.976658000000855
397526022,12.713658,12.713658000000413
236569077,14.0214421,14.021442100000083
633281840,18.5754509,18.57545089999974
601255835,10.4497097,10.449709699999595
93210188,16.4398866,16.439886600000044
313031370,16.2189409,16.21894089999999
789102390,11.312256099999999,11.312256100000864
153073381,13.3831884,13.38318839999924
99774471,10.7847399,10.784739899999197
653294690,10.6051081,10.605108099999555
682146430,18.267044499999997,18.26704450000082
753312586,16.0829743,16.082974300001386
483109111,10.921213,10.921212999999984
306820084,15.60934,15.609339999999321
46554173,17.7646166,17.764616600000082
693707942,17.8483607,17.848360699999127
841621668,18.170712299999998,18.170712299999224
143525139,17.7281379,17.728137899999734
176312097,15.2673195,15.267319500000202
208094854,11.5182327,11.518232699999995
457560569,13.146011,13.146011000000097
541201696,16.5022221,16.502222100000097
468552940,17.7997426,17.799742600000194
791876549,17.5721603,17.57216030000021
56718945,14.2271872,14.22718719999984
495539543,16.1070472,16.10704720000176
412801757,10.9468473,10.946847300000174
283226565,16.6676189,16.667618900000747
421871972,15.145499399999999,15.145499400000148
265926744,13.1830215,13.18302150000058
98038215,18.2166389,18.216638899999964
62737320,14.835997599999999,14.835997600000475
178535664,17.5185891,17.518589100000327
328974867,17.8852887,17.885288699999496
711410981,14.701965399999999,14.701965399999452
78975630,13.0369332,13.036933199999236
652922557,12.5541339,12.554133900000693
206334814,15.788992799999999,15.788992799999958
42374438,13.5452356,13.545235599999671
132756940,18.2463193,18.24631929999999
350633238,13.9946979,13.994697900000379
339327717,15.751825199999999,15.751825200000784
630698100,13.7961879,13.796187900000142
799814410,17.2315472,17.231547200000687
387008486,14.8213729,14.821372899999972
611241638,16.422466,16.422465999999453
660453261,16.6141646,16.614164600000812
489895305,10.9670646,10.96706459999925
804966240,11.3608662,11.36086620000058
842474910,12.18967,12.189669999999218
143294445,14.571250299999999,14.571250299999688
736137983,16.5020563,16.502056299999285
380111187,14.836618399999999,14.836618399999224
802286615,11.8441013,11.844101299999448
397849973,15.4266316,15.426631600000231
440039789,15.0717072,15.071707199999599
204846283,16.2441718,16.24417179999999
388544929,13.152096499999999,13.152096500000209
755657594,13.8288288,13.828828799999977
649320632,17.9691431,17.969143099999876
718174809,17.284202200000003,17.284202200000117
181610428,17.5271042,17.527104199999798
774295953,18.447984599999998,18.447984599999472
29818589,14.2213318,14.221331800000467
375700030,13.5602185,13.560218500000703
316941533,10.0626873,10.06268729999907
721600957,16.2442435,16.244243500000096
127017806,14.8247906,14.82479060000136
788287787,18.405646,18.40564600000053
261430851,18.5869799,18.586979900000465
278594597,15.3063824,15.306382400000023
67504078,18.5578005,18.557800499999637
508837708,16.5183451,16.518345099999436
738059378,13.049450799999999,13.04945080000055
434400844,10.2934654,10.293465399999407
480798017,17.6433564,17.643356399999803
641648827,14.9456053,14.945605300000583
664886448,16.5981668,16.598166800000396
662986026,12.3886067,12.388606700000528
430655194,11.407757,11.407757000000164
81239527,16.2174586,16.217458599999887
489582618,18.9415749,18.941574900001044
741805265,11.1298926,11.129892599999033
322435042,13.6457902,13.645790200000722
463311336,13.6914028,13.691402799999201
152871391,10.5645154,10.564515400000612
485556947,11.4548323,11.454832299999644
691223994,18.7062706,18.706270600000835
15600823,18.0242959,18.024295900000553
230253407,10.4244341,10.424434100000074
220434586,13.3226502,13.322650199999789
747365112,10.437371,10.437370999999665
567848965,14.2357902,14.23579020000021
772683227,16.0131267,16.01312669999933
336169145,13.9883174,13.988317399999787
249387891,12.894010699999999,12.894010699999875
606954171,12.1417324,12.141732399999801
400786063,13.827907,13.827906999999188
490383532,12.0278343,12.027834299999716
354720204,18.036853100000002,18.036853099999686
316895093,15.6063617,15.606361699999747
185197947,17.6438573,17.643857299999528
212573698,17.4057065,17.405706500000527
598248242,17.159136500000002,17.159136499999356
552086480,13.0015739,13.001573899999581
108506661,16.0741496,16.074149600000258
688839236,12.927816700000001,12.927816700000122
334302481,11.2189788,11.218978800000032
522958575,16.836758699999997,16.836758700000065
548287815,12.4223506,12.42235060000044
838054881,17.8406464,17.840646400000885
633267629,16.886526,16.886526000000377
434503597,11.5267797,11.526779699999304
47209774,12.3412876,12.34128759999999
605717143,10.3046074,10.304607399999576
774214825,13.1559268,13.155926799999126
802670574,16.6487049,16.648704899999927
328066917,17.813017000000002,17.813016999999626
502042990,18.9960228,18.996022799999302
457440256,18.8928232,18.892823199999757
666123711,15.116253799999999,15.116253799999384
26900645,11.9124046,11.912404599999528
436209578,10.4006212,10.400621199999245
44538144,17.2889624,17.28896240000004
840052696,11.6620771,11.662077100001014
71414698,10.3722965,10.372296499999171
831336006,12.1267156,12.126715599999281
296712895,18.021515,18.021514999999386
642849838,12.5542356,12.554235599999592
786404591,18.3931818,18.393181800001337
659080977,12.2616009,12.26160089999926
139980154,14.211861599999999,14.211861599999224
161651572,17.6650307,17.66503069999963
125893935,13.6745776,13.67457759999987
492582909,16.5834287,16.583428699999708
775683407,15.4778077,15.477807700000774
611274408,12.8148768,12.814876799999325
811650686,17.3202718,17.32027179999951
339400211,15.243693799999999,15.24369380000039
269696930,16.0615217,16.06152170000039
422881142,10.8089574,10.80895739999935
482650023,13.3625217,13.362521699999702
234890415,13.302087,13.302086999999577
196806610,12.0091861,12.009186100000669
81680136,14.8721265,14.872126499998988
577865927,12.976006,12.976006000000739
208224450,16.9047489,16.904748899999806
634137280,11.378116200000001,11.378116200000322
397030098,18.0335859,18.033585899999373
239967767,17.6131402,17.61314019999993
423005047,14.894769499999999,14.894769500000557
205602386,16.0315213,16.03152129999994
483720907,15.9660589,15.966058899999314
425881786,15.1138656,15.11386559999967
728548619,13.3455807,13.345580700000179
190548331,12.204603800000001,12.20460379999946
569218372,16.2918119,16.291811900000646
823726035,16.8930889,16.893088899999924
422442333,18.7172821,18.717282099999373
56601209,13.079177,13.079177000000136
416989812,18.2122684,18.21226840000025
372022466,16.787838999999998,16.78783900000006
376209540,18.272819300000002,18.27281930000018
607302137,16.922013800000002,16.92201379999981
14647122,12.1908282,12.190828199999693
345931570,12.5798347,12.5798346999998
443381876,10.6246291,10.62462910000015
762571609,13.9074405,13.90744050000016
371238616,14.4339613,14.4339613000001
473963257,14.8418876,14.841887599999975
688556743,18.2543049,18.254304900000296
193802049,11.47448,11.474479999999705
170121045,17.850987500000002,17.85098750000064
318719728,10.4836624,10.483662400000505
411366596,13.3299604,13.329960399999674
818675010,15.5605827,15.56058269999972
487168561,15.3788229,15.37882290000041
176260011,16.764042,16.7640419999992
510144457,13.685194599999999,13.685194600000056
376317680,18.196072899999997,18.196072900001216
723157752,16.893083999999998,16.89308400000072
820138567,16.925835900000003,16.925835899999726
102364689,16.7978805,16.797880499998683
457978533,18.9117879,18.91178789999948
850919243,15.0186665,15.018666500000409
209305642,15.6682159,15.66821589999993
209043661,15.0587875,15.058787500000133
374281939,10.0002432,10.00024320000017
428214281,17.216099,17.216098999999875
335553761,15.8893108,15.88931080000064
717798004,15.457647399999999,15.457647399999665
740180774,10.1248016,10.124801599999007
524384876,15.105311799999999,15.10531179999985
419146417,12.936787500000001,12.936787500000051
762117716,13.7099713,13.709971299999832
161695753,12.0681418,12.068141799999589
621852197,18.7637398,18.76373980000004
742779094,13.9823339,13.982333899999627
220409424,12.0459939,12.04599389999972
690365137,14.7275426,14.72754259999954
240635147,14.0457301,14.045730099999822
66717416,16.541125100000002,16.541125099999363
760127698,17.8091347,17.809134699999838
777633821,13.178611499999999,13.178611499999807
754490532,12.3819778,12.381977799998946
700244326,12.8155222,12.81552220000077
440807421,15.209556,15.209555999999745
419579049,12.4826634,12.482663399999545
593144447,13.6441235,13.644123499999369
121302812,16.0022419,16.00224190000037
439927006,15.9790749,15.97907489999957
754463249,11.6427979,11.64279789999958
187066249,17.598202,17.598202000000086
484236821,11.2911907,11.29119069999977
806153530,17.4815372,17.481537200000766
685844774,15.8215277,15.821527700000583
614154860,14.648436499999999,14.648436499999994
115090221,10.7912422,10.791242200000136
124592210,14.008091,14.008090999999709
430309841,15.9358603,15.935860299999563
297214910,16.179079899999998,16.17907989999988
545826963,18.863767199999998,18.86376720000012
357366257,13.907097499999999,13.907097500000106
165389435,10.8936763,10.893676299999271
63581706,10.9065617,10.90656169999934
331605497,18.290491699999997,18.29049170000063
59399921,15.4070122,15.40701219999994
668189012,10.5237527,10.523752700000486
849513851,17.8015228,17.801522800000072
783121381,15.5686707,15.568670700000313
106300917,12.1194099,12.119409899999875
792247735,11.6999435,11.69994350000004
665028732,10.5251294,10.52512939999943
855349607,13.9584329,13.958432899999694
133638279,14.0072668,14.007266800001005
366022303,11.320894599999999,11.320894599999548
504834994,12.8529514,12.852951399999906
630307018,12.7593072,12.759307200000318
507802979,13.5033795,13.50337950000057
842030501,16.3604974,16.3604974000001
722635081,15.9137321,15.913732099999988
119473153,12.0175108,12.017510799999066
598211234,12.5121622,12.512162199999496
448942986,15.9979701,15.99797009999918
348058716,18.5758832,18.57588320000076
258380691,13.75533,13.755329999999585
281181168,16.4079181,16.407918100000295
733094870,11.0903511,11.090351099999571
99346049,12.6661593,12.6661593
177638612,17.5978401,17.597840099999033
446048570,11.2458526,11.245852599999175
185937297,12.750236600000001,12.750236599999015
386481894,15.0282142,15.028214199999697
209689957,16.3493843,16.34938430000021
461753357,17.1389013,17.13890130000044
197980558,14.1286655,14.128665499999606
26986598,13.946864600000001,13.946864599999952
225445663,16.5176846,16.517684599999335
62803059,11.5827782,11.582778200000515
382132776,17.1280468,17.12804680000097
554749055,17.2849838,17.284983800000084
805417675,12.6385256,12.638525599999426
496637906,15.2551293,15.255129299999616
608737481,14.6798675,14.679867500000213
26863875,12.3357335,12.335733500000527
354130722,11.2144602,11.214460199999362
424274047,16.4092028,16.409202800000465
632960256,14.004570900000001,14.004570899999617
114848507,12.6650172,12.665017200000058
429713858,14.6857458,14.685745799999516
60012403,14.2279447,14.227944699999082
471464877,10.2267576,10.226757599999369
339108341,18.536081799999998,18.536081800000474
58795678,11.4114833,11.411483299999755
303729781,15.8132298,15.813229800000583
299533120,14.188900799999999,14.188900799999839
543803811,11.8991398,11.899139800000777
376965183,12.8321263,12.832126300000146
573335330,10.0679931,10.067993100000416
356397838,15.7933989,15.793398900000458
634014195,16.3504227,16.350422700000173
849546746,11.5384426,11.538442599999895
855638498,11.0284118,11.028411800000077
732200927,13.3931373,13.393137299999474
15606400,10.8732523,10.8732522999992
799666817,12.6862961,12.686296099999877
524015534,17.250714799999997,17.250714799999532
634136144,12.5414305,12.541430499999038
428654541,14.2654364,14.26543639999974
123102393,12.6280568,12.628056800000557
205917388,14.776193,14.776192999999662
438474937,15.5405666,15.540566600000574
800848068,14.0787935,14.078793499999875
511669994,16.914980399999997,16.914980399999653
539468841,10.1910157,10.191015699999767
236593439,12.2852483,12.285248300000442
130446539,10.0381578,10.038157799999565
173199330,17.6262133,17.626213299999904
374939374,17.855707000000002,17.855707000000216
482669979,13.2088759,13.208875900000054
644250119,14.8407685,14.840768500000372
831185544,11.4303497,11.430349699999528
278922354,13.3070775,13.307077500000076
254137695,17.494670499999998,17.494670499999742
275559634,15.6629317,15.662931700000698
592657906,15.0006329,15.000632899999772
87340496,12.8385614,12.83856140000023
652607689,11.9433329,11.943332899998913
687211343,12.5787636,12.578763599999228
803791593,14.8308859,14.830885899999732
425438756,16.3177278,16.317727799999986
200352616,12.6262518,12.62625179999879
214598066,15.3418652,15.341865199999784
362462768,11.851187,11.851186999999594
620927412,16.0113457,16.011345699999307
487824582,14.6712189,14.671218900000015
677246024,12.7394409,12.73944089999926
364746596,17.9425432,17.942543200000163
764300612,17.2658696,17.265869599999945
746720673,13.7236889,13.723688899999987
30489069,18.774025299999998,18.774025299999757
262927160,11.2696679,11.269667900000153
643218781,16.6014105,16.601410500000053
114729985,18.811317000000003,18.811317000000905
252390965,10.8126398,10.81263979999998
178124093,15.8645926,15.864592599999714
823087573,11.3665414,11.366541399998923
837944039,12.384341899999999,12.384341899999836
688782779,10.0558391,10.055839099999865
593090039,17.518345099999998,17.51834509999951
306270307,11.234208,11.234207999999414
139507500,14.9661603,14.966160300000606
670415152,10.1655357,10.165535700000303
831100978,11.5758201,11.57582009999912
777892591,10.4598542,10.45985419999972
437452768,17.611591,17.611590999999983
303464629,10.1665108,10.166510799999466
565108464,16.8527973,16.852797299999928
112464531,18.4622015,18.462201499999367
152725232,12.9934922,12.993492200000336
780624169,10.6486609,10.648660900000703
97368062,14.2466069,14.246606900000714
280108377,17.6362805,17.63628049999926
561753661,11.2384135,11.238413500000949
584576636,12.0618351,12.061835099998673
211640946,18.4126418,18.412641799999903
542792017,16.9648726,16.964872599999882
591744550,18.1931564,18.193156400000248
689550225,12.6423466,12.642346599999568
311467680,15.892444300000001,15.892444299999857
835662153,10.8595504,10.859550399999613
425929427,13.4655364,13.465536399999674
113837881,16.8926048,16.892604799999475
813092009,13.6133265,13.613326500000031
521188927,13.193843,13.193843000000303
285686559,11.870687199999999,11.870687199999882
774120251,14.4726633,14.472663299999041
394503927,16.218445799999998,16.218445800000723
53663653,16.878515,16.87851499999999
620537007,17.9792061,17.97920609999975
546556178,12.5878067,12.58780669999912
809794033,15.993247100000001,15.993247100000785
361380974,14.4354157,14.435415700000028
432933123,11.0819765,11.081976500000541
659263072,13.1277925,13.12779250000053
546057317,13.3872103,13.387210300000469
296226356,18.4072389,18.407238899999932
63976680,14.7024369,14.702436900000134
466107862,15.0864861,15.086486099999949
56712634,12.0791838,12.079183799999782
274899332,17.8188419,17.818841900000493
692800462,16.2792034,16.27920340000137
601350949,14.0645035,14.064503500000567
602175278,12.2483137,12.248313699999645
380965192,17.7972613,17.79726130000015
152816335,12.674223,12.674223000000502
378866982,16.3627119,16.362711900000274
289671276,17.3069254,17.306925400000026
119158620,15.9420658,15.942065800000286
839235010,17.0719719,17.071971899999593
486278855,16.297412,16.2974120000001
604706668,18.737589900000003,18.73758989999913
530866924,15.8411916,15.841191600000528
462762865,13.0961264,13.096126399999786
268395268,11.3053132,11.305313199999764
743630029,18.263545899999997,18.26354590000023
789269429,15.847068799999999,15.847068799999306
285642412,12.5934083,12.593408300001066
187497785,16.5916557,16.591655700000604
648807972,13.0427217,13.0427217000002
261032990,17.5443901,17.54439010000004
160060761,10.4179086,10.417908600000489
682346371,10.854756,10.854755999999282
97960461,12.9095887,12.909588699999457
666511497,12.8476287,12.847628699999722
612908432,18.0284023,18.02840230000124
54104172,12.0487928,12.048792800000239
243327540,15.567645200000001,15.567645200000033
349081607,16.0075772,16.007577199998856
393967099,11.6028803,11.6028802999999
521112666,12.762618400000001,12.762618400000925
270252508,11.7505186,11.75051859999981
343701106,15.2264713,15.226471299999531
70411572,11.4231853,11.423185299999682
721970121,18.456666900000002,18.456666899999572
685922268,11.8684695,11.868469500000296
35133913,16.3719605,16.371960499999776
82046739,12.1605888,12.160588800000319
754613182,12.115295,12.11529499999953
837672587,12.906587,12.90658700000018
248869750,18.6370541,18.637054099999652
56477597,12.4929552,12.492955199999333
384584676,17.4939009,17.493900900000277
509080162,12.7542422,12.754242199999606
106522469,13.6790683,13.679068299999134
347944314,13.6206481,13.620648099998979
308686804,18.8774142,18.877414199999986
437299194,11.0251178,11.025117799999784
218342977,16.0292296,16.029229599999958
543788305,10.4385448,10.438544799999764
519443068,15.6953615,15.695361500000544
46764171,11.6704752,11.670475199999839
422753185,14.40445,14.404449999999848
162046472,14.7479275,14.747927499999943
387117725,10.4173635,10.417363499999434
812314285,13.2121654,13.212165399999293
759808512,12.5849882,12.584988199999605
534212294,14.3729064,14.372906399999357
153120110,10.8521309,10.852130899999903
247253491,11.6942183,11.694218299999418
800079041,14.392269599999999,14.392269600000365
414889426,18.5482201,18.54822010000082
253546182,13.5964959,13.596495899999994
839711671,11.0590921,11.059092100000182
192971584,11.1335403,11.133540299999046
282570442,16.8488921,16.84889209999956
167087310,12.343647,12.343647000000528
820112493,11.6380285,11.638028499999972
258217520,11.7803739,11.780373899998933
118589599,16.1790305,16.179030500000252
727538936,18.8804484,18.880448400000745
840800388,17.606172100000002,17.606172100000737
280995419,16.492537900000002,16.492537899999995
659764711,10.7381401,10.738140099999368
573948720,18.5476333,18.547633299999703
36687084,15.6156188,15.615618799999964
646680666,15.969105200000001,15.969105199999728
553264936,17.4501311,17.450131099999382
539326831,16.1943535,16.194353500000545
184347031,12.9289099,12.928909900000823
477268325,12.593591400000001,12.593591400000506
353463325,10.4249706,10.424970599999831
221730471,12.1256374,12.125637400000604
742662268,15.763875200000001,15.763875199999713
545111531,15.364787499999998,15.36478750000047
347438980,15.5303613,15.530361299999587
257956793,17.2040818,17.204081800000164
633760396,15.0440149,15.044014899999429
20841817,14.6491379,14.649137899999573
514391925,17.3583438,17.35834379999985
382346805,14.501918,14.501917999999728
79117399,17.1614168,17.161416800001085
846255479,12.6121906,12.612190599999984
128968373,17.5526501,17.552650100000257
481954568,15.595964200000001,15.595964200000974
572930366,14.1710518,14.17105179999992
124572998,18.8607786,18.86077859999999
145778982,10.1708095,10.170809499999605
732511821,14.634760799999999,14.634760800000237
431892102,17.1121019,17.112101900000404
83207494,18.2798632,18.27986319999974
24235865,14.392930100000001,14.392930099999939
648897291,12.7528671,12.752867099998404
758125474,15.4249774,15.424977399999989
433111869,17.4629272,17.462927199999854
223886079,10.6108202,10.610820199999637
811112482,15.9361906,15.936190599999566
394511158,16.650428599999998,16.650428600000005
209244280,17.5736202,17.573620199999482
546281027,14.1750057,14.175005699999724
601141440,17.704037,17.70403700000084
587833612,11.7150752,11.71507519999881
458666209,17.4870587,17.487058700000574
73091127,13.4052189,13.405218900000134
563814930,11.1682395,11.168239499999693
423806072,18.8374414,18.8374413999996
149295199,16.1598341,16.15983410000038
475536424,18.38034,18.380339999999762
496050698,17.9979,17.997900000000236
260035091,16.6746843,16.674684300000667
487431424,18.642558100000002,18.642558100000745
117014261,18.4140476,18.414047600001012
498682796,12.9870876,12.987087599999413
759238668,18.134256,18.134255999999944
460559295,18.8565003,18.856500299999304
93889251,11.006755,11.006754999999533
722766716,10.1860549,10.186054899998775
677367587,11.2947217,11.294721699999814
359014720,10.33107,10.331070000000262
813925476,15.2532283,15.253228300000375
358480689,13.7104873,13.710487300000565
507761341,14.023156,14.023155999999599
220968772,18.1402353,18.14023529999952
539390531,14.8158982,14.815898200000564
627341402,18.6640016,18.6640015999999
116041957,15.7552775,15.755277499999776
595624577,12.1671962,12.16719619999951
168199564,15.2058124,15.205812400000028
456871984,13.2155711,13.215571099999796
43428124,13.0969639,13.096963900001207
214218850,14.5783732,14.578373199999643
438175265,17.8516502,17.851650199999966
641059104,18.3881069,18.388106899999023
460797035,15.7729563,15.772956300001008
423534862,18.628144,18.628143999999995
68758846,14.0537424,14.053742400000402
80915220,16.8114935,16.81149349999967
577487741,12.3288201,12.328820100000712
289402523,16.8581262,16.858126200000566
246178171,16.2343077,16.234307700000656
800502461,11.2630138,11.263013799999765
340605258,17.6764448,17.67644480000045
69649346,11.7840592,11.784059199999536
91117851,12.7289466,12.728946599999203
824611041,17.3544669,17.354466900000233
260514139,14.2456815,14.24568149999999
618909896,14.2003321,14.200332099998953
279366564,17.4114471,17.411447100000682
182007914,11.2217715,11.221771499999749
83305900,10.4477001,10.447700099999132
611701822,12.109714499999999,12.109714499999367
187978638,17.867206799999998,17.867206800000027
718513077,16.101195099999998,16.101195099999817
112061591,16.9415057,16.94150570000043
208847165,17.6911432,17.691143199999775
56893904,18.6674367,18.66743670000046
202193406,18.1071755,18.10717550000043
828794623,12.4010336,12.401033599999206
544708921,17.5452127,17.545212700000647
68576445,11.6835353,11.683535299999992
95701617,12.313278,12.313278000000437
494514168,15.348327900000001,15.348327900000417
487902453,17.8528677,17.85286770000089
209761194,13.2496902,13.249690199999517
527002797,14.5488997,14.548899699999915
388399667,12.5813571,12.58135709999953
334035140,10.1065426,10.106542600000568
372688853,13.6313336,13.631333600000099
